{
  "minecraft:story/obtain_armor": {
    "criteria": {
      "iron_boots": "2017-06-09 07:57:04 +0000",
      "iron_chestplate": "2017-06-09 07:57:04 +0000",
      "iron_leggings": "2017-06-09 07:57:04 +0000",
      "iron_helmet": "2017-06-09 07:57:04 +0000"
    },
    "done": true
  },
  "minecraft:adventure/root": {
    "criteria": {
      "killed_by_something": "2017-06-09 07:57:18 +0000"
    },
    "done": true
  },
  "minecraft:recipes/decorations/chest": {
    "criteria": {
      "has_lots_of_items": "2017-06-09 07:59:36 +0000"
    },
    "done": true
  },
  "minecraft:adventure/adventuring_time": {
    "criteria": {
      "forest_hills": "2017-06-12 08:00:07 +0000",
      "plains": "2017-06-09 07:56:38 +0000"
    },
    "done": false
  }
}