{
  "minecraft:story/obtain_armor": {
    "criteria": {
      "iron_boots": "2017-06-12 06:19:03 +0000",
      "iron_chestplate": "2017-06-12 06:19:03 +0000",
      "iron_leggings": "2017-06-12 06:19:03 +0000",
      "iron_helmet": "2017-06-12 06:19:03 +0000"
    },
    "done": true
  },
  "minecraft:recipes/decorations/chest": {
    "criteria": {
      "has_lots_of_items": "2017-06-12 06:19:03 +0000"
    },
    "done": true
  },
  "minecraft:adventure/adventuring_time": {
    "criteria": {
      "plains": "2017-06-12 06:17:42 +0000"
    },
    "done": false
  }
}