{
  "minecraft:story/obtain_armor": {
    "criteria": {
      "iron_boots": "2017-06-12 04:30:00 +0000",
      "iron_chestplate": "2017-06-12 04:30:00 +0000",
      "iron_leggings": "2017-06-12 04:30:00 +0000",
      "iron_helmet": "2017-06-12 04:30:00 +0000"
    },
    "done": true
  },
  "minecraft:recipes/decorations/chest": {
    "criteria": {
      "has_lots_of_items": "2017-06-12 04:30:06 +0000"
    },
    "done": true
  },
  "minecraft:adventure/root": {
    "criteria": {
      "killed_by_something": "2017-06-12 04:32:00 +0000"
    },
    "done": true
  },
  "minecraft:adventure/adventuring_time": {
    "criteria": {
      "forest": "2017-06-12 04:32:31 +0000",
      "plains": "2017-06-12 04:29:34 +0000"
    },
    "done": false
  }
}