{"stat.walkOneCm":104869,"stat.playerKills":43,"stat.leaveGame":1,"stat.drop.minecraft.glowstone_dust":9,"stat.damageTaken":31621,"stat.drop.minecraft.iron_leggings":2,"stat.tradedWithVillager":3,"stat.pickup.minecraft.wooden_sword":1,"stat.flyOneCm":154426,"stat.drop.minecraft.iron_helmet":2,"stat.deaths":56,"stat.drop":15,"stat.pickup.minecraft.diamond":2,"stat.jump":564,"stat.swimOneCm":150,"stat.playOneMinute":39415,"stat.useItem.minecraft.wooden_sword":270,"stat.fallOneCm":352877,"stat.drop.minecraft.iron_chestplate":2,"stat.sneakTime":733,"stat.pickup.minecraft.glowstone_dust":9,"stat.drop.minecraft.iron_boots":3,"stat.drop.minecraft.wooden_sword":2,"stat.damageDealt":5905,"stat.crouchOneCm":2241,"stat.timeSinceDeath":125,"stat.pickup.minecraft.dirt":1,"stat.useItem.minecraft.dirt":1,"stat.sprintOneCm":124649,"stat.mineBlock.minecraft.dirt":1,"stat.drop.minecraft.diamond":1,"stat.mineBlock.minecraft.tallgrass":6,"stat.pickup.minecraft.iron_boots":1}