{"stat.useItem.minecraft.bow":255,"stat.walkOneCm":134352,"stat.pickup.minecraft.golden_apple":192,"stat.playerKills":17,"stat.useItem.minecraft.stone":5,"stat.leaveGame":6,"stat.pickup.minecraft.arrow":2,"stat.useItem.minecraft.cobblestone":68,"stat.mineBlock.minecraft.double_plant":3,"stat.useItem.minecraft.diamond_sword":5,"stat.pickup.minecraft.diamond_sword":4,"stat.jump":459,"stat.fallOneCm":19103,"stat.drop.minecraft.diamond_sword":2,"stat.pickup.minecraft.stone":1,"stat.crouchOneCm":3135,"stat.pickup.minecraft.dirt":1,"stat.useItem.minecraft.dirt":1,"stat.sprintOneCm":80578,"stat.pickup.minecraft.bow":3,"achievement.exploreAllBiomes":{"value":0,"progress":["Plains"]},"stat.pickup.minecraft.cooked_beef":130,"achievement.openInventory":70,"stat.useItem.minecraft.barrier":8,"stat.damageTaken":370246,"stat.useItem.minecraft.golden_apple":11,"stat.flyOneCm":339358,"stat.deaths":15,"stat.pickup.minecraft.wheat_seeds":4,"stat.drop":6,"stat.playOneMinute":51558,"stat.drop.minecraft.wheat_seeds":4,"stat.useItem.minecraft.cooked_beef":3,"stat.sneakTime":1237,"stat.damageDealt":571,"stat.timeSinceDeath":15626,"stat.mineBlock.minecraft.dirt":1,"stat.mineBlock.minecraft.tallgrass":24}