{"stat.pickup.minecraft.sign":2,"stat.useItem.minecraft.stone":61,"stat.leaveGame":3,"stat.useItem.minecraft.sponge":104,"stat.useItem.minecraft.skull":4,"stat.mineBlock.minecraft.gold_block":342,"stat.useItem.minecraft.bedrock":1,"stat.jump":738,"stat.swimOneCm":23,"stat.pickup.minecraft.coal":2903,"stat.pickup.minecraft.iron_helmet":1,"stat.fallOneCm":47976,"stat.useItem.minecraft.planks":37,"stat.drop.minecraft.cobblestone":302,"stat.crouchOneCm":4454,"stat.useItem.minecraft.dirt":6,"stat.pickup.minecraft.iron_boots":1,"stat.pickup.minecraft.iron_ore":257,"stat.useItem.minecraft.redstone_lamp":23,"stat.drop.minecraft.gold_block":6,"stat.drop.minecraft.double_plant":1629,"stat.damageTaken":3270,"stat.useItem.minecraft.stone_brick_stairs":7,"stat.drop.minecraft.iron_leggings":1,"stat.craftItem.minecraft.stone_pickaxe":9,"stat.useItem.minecraft.wooden_pickaxe":752,"stat.tradedWithVillager":2944,"stat.pickup.minecraft.cobblestone":1705,"stat.pickup.minecraft.gold_block":126,"stat.pickup.minecraft.iron_leggings":1,"stat.flyOneCm":346443,"stat.drop.minecraft.iron_helmet":1,"stat.useItem.minecraft.stone_pickaxe":399,"stat.damageDealt":4,"stat.mineBlock.minecraft.iron_ore":319,"stat.timeSinceDeath":9755,"stat.useItem.minecraft.sign":1,"stat.craftItem.minecraft.wooden_pickaxe":8,"stat.pickup.minecraft.double_plant":1709,"stat.walkOneCm":210706,"stat.drop.minecraft.coal":384,"stat.pickup.minecraft.diamond_pickaxe":1,"stat.pickup.minecraft.dark_oak_door":3,"stat.useItem.minecraft.log":21,"stat.drop.minecraft.diamond_block":1,"stat.mineBlock.minecraft.coal_ore":538,"stat.talkedToVillager":137,"stat.useItem.minecraft.redstone_block":22,"stat.drop.minecraft.iron_ore":34,"stat.drop.minecraft.iron_chestplate":1,"stat.useItem.minecraft.stained_hardened_clay":3,"stat.useItem.minecraft.diamond_block":35,"stat.sprintOneCm":161440,"stat.pickup.minecraft.iron_chestplate":1,"stat.drop.minecraft.dark_oak_door":1,"stat.useItem.minecraft.dark_oak_door":7,"stat.useItem.minecraft.stone_slab":11,"stat.useItem.minecraft.barrier":5,"stat.useItem.minecraft.diamond_pickaxe":3000,"stat.deaths":5,"stat.drop":49,"stat.playOneMinute":114179,"stat.sneakTime":1829,"stat.pickup.minecraft.diamond_block":1,"stat.drop.minecraft.iron_boots":1,"stat.craftItem.minecraft.diamond_pickaxe":23,"stat.mineBlock.minecraft.stone":2933,"stat.drop.minecraft.diamond_pickaxe":1}