{"stat.pickup.minecraft.ghast_tear":34,"stat.walkOneCm":323607,"stat.playerKills":62,"stat.leaveGame":3,"stat.mineBlock.minecraft.double_plant":1,"stat.pickup.minecraft.wooden_sword":1,"stat.jump":1419,"stat.pickup.minecraft.iron_helmet":1,"stat.fallOneCm":642553,"stat.breakItem.minecraft.iron_boots":1,"stat.crouchOneCm":5830,"stat.breakItem.minecraft.iron_helmet":1,"stat.useItem.minecraft.coal_ore":7,"stat.sprintOneCm":252670,"stat.pickup.minecraft.iron_chestplate":2,"stat.pickup.minecraft.iron_boots":1,"stat.damageTaken":82767,"stat.mineBlock.minecraft.glowstone":1,"stat.tradedWithVillager":5,"stat.craftItem.minecraft.wooden_sword":4,"stat.pickup.minecraft.iron_leggings":1,"stat.flyOneCm":422101,"stat.deaths":143,"stat.drop":50,"stat.pickup.minecraft.diamond":11,"stat.playOneMinute":111484,"stat.useItem.minecraft.wooden_sword":678,"stat.sneakTime":2032,"stat.damageDealt":17638,"stat.timeSinceDeath":2172,"stat.mineBlock.minecraft.dirt":1,"stat.drop.minecraft.ghast_tear":50}