{"stat.leaveGame":4,"stat.mineBlock.minecraft.cobblestone":9,"stat.craftItem.minecraft.diamond_sword":1,"stat.jump":971,"stat.swimOneCm":1948,"stat.pickup.minecraft.iron_helmet":4,"stat.fallOneCm":375129,"stat.useItem.minecraft.planks":1,"stat.drop.minecraft.cobblestone":6,"stat.drop.minecraft.wooden_sword":4,"stat.crouchOneCm":14442,"stat.pickup.minecraft.dirt":9,"stat.useItem.minecraft.dirt":9,"stat.pickup.minecraft.iron_boots":4,"stat.craftingTableInteraction":2,"stat.damageTaken":41021,"stat.drop.minecraft.iron_leggings":4,"stat.useItem.minecraft.wooden_pickaxe":31,"stat.tradedWithVillager":1,"stat.pickup.minecraft.cobblestone":23,"stat.craftItem.minecraft.wooden_sword":1,"stat.pickup.minecraft.planks":1,"stat.pickup.minecraft.iron_leggings":4,"stat.flyOneCm":255899,"stat.drop.minecraft.iron_helmet":4,"stat.pickup.minecraft.wheat_seeds":1,"stat.damageDealt":2280,"stat.timeSinceDeath":1491,"stat.mineBlock.minecraft.dirt":11,"stat.useItem.minecraft.crafting_table":2,"stat.craftItem.minecraft.wooden_pickaxe":1,"stat.drop.minecraft.stick":5,"stat.walkOneCm":141561,"stat.playerKills":13,"stat.pickup.minecraft.crafting_table":1,"stat.useItem.minecraft.cobblestone":17,"stat.craftItem.minecraft.crafting_table":2,"stat.pickup.minecraft.wooden_sword":4,"stat.pickup.minecraft.log":9,"stat.drop.minecraft.iron_chestplate":4,"stat.drop.minecraft.planks":21,"stat.sprintOneCm":147448,"stat.pickup.minecraft.iron_chestplate":4,"stat.craftItem.minecraft.stick":8,"stat.craftItem.minecraft.planks":36,"stat.drop.minecraft.crafting_table":1,"stat.mineBlock.minecraft.crafting_table":1,"stat.mineBlock.minecraft.glowstone":2,"stat.mineBlock.minecraft.log":9,"stat.deaths":58,"stat.mineBlock.minecraft.planks":1,"stat.pickup.minecraft.diamond":5,"stat.drop":27,"stat.mineBlock.minecraft.leaves":16,"stat.playOneMinute":58172,"stat.useItem.minecraft.wooden_sword":115,"stat.sneakTime":5745,"stat.drop.minecraft.iron_boots":4,"stat.mineBlock.minecraft.stone":21,"stat.mineBlock.minecraft.tallgrass":13,"stat.diveOneCm":712}