{"stat.walkOneCm":93947,"stat.playerKills":6,"stat.leaveGame":1,"stat.damageTaken":8475,"stat.drop.minecraft.iron_leggings":4,"stat.useItem.minecraft.wooden_pickaxe":250,"stat.tradedWithVillager":78,"stat.mineBlock.minecraft.coal_ore":18,"stat.pickup.minecraft.cobblestone":184,"stat.talkedToVillager":33,"stat.flyOneCm":83195,"stat.drop.minecraft.iron_helmet":3,"stat.deaths":17,"stat.drop":18,"stat.jump":353,"stat.swimOneCm":56,"stat.playOneMinute":51127,"stat.pickup.minecraft.coal":10,"stat.fallOneCm":57283,"stat.useItem.minecraft.wooden_sword":63,"stat.sneakTime":3866,"stat.drop.minecraft.iron_chestplate":4,"stat.drop.minecraft.iron_boots":4,"stat.drop.minecraft.wooden_sword":3,"stat.damageDealt":382,"stat.crouchOneCm":14683,"stat.timeSinceDeath":22464,"stat.sprintOneCm":44675,"stat.craftItem.minecraft.wooden_pickaxe":4,"stat.mineBlock.minecraft.stone":224}