{"stat.flyOneCm":29297,"stat.pickup.minecraft.double_plant":8,"stat.walkOneCm":33900,"stat.jump":113,"stat.playOneMinute":12695,"stat.pickup.minecraft.coal":32,"stat.fallOneCm":1881,"stat.leaveGame":1,"stat.sneakTime":2178,"stat.crouchOneCm":11007,"stat.timeSinceDeath":12695,"stat.useItem.minecraft.wooden_pickaxe":171,"stat.tradedWithVillager":101,"stat.sprintOneCm":17237,"stat.pickup.minecraft.cobblestone":99,"stat.mineBlock.minecraft.coal_ore":57,"stat.mineBlock.minecraft.stone":114,"stat.craftItem.minecraft.wooden_pickaxe":5,"stat.pickup.minecraft.gold_block":1,"stat.talkedToVillager":18,"stat.pickup.minecraft.iron_ore":8}