{"stat.pickup.minecraft.double_plant":761,"stat.walkOneCm":20536,"stat.pickup.minecraft.redstone_torch":1,"stat.drop.minecraft.wooden_pickaxe":1,"stat.leaveGame":1,"stat.drop.minecraft.double_plant":19,"stat.drop.minecraft.iron_leggings":1,"stat.useItem.minecraft.wooden_pickaxe":195,"stat.tradedWithVillager":131,"stat.mineBlock.minecraft.coal_ore":17,"stat.pickup.minecraft.cobblestone":182,"stat.pickup.minecraft.gold_block":28,"stat.talkedToVillager":11,"stat.flyOneCm":14677,"stat.drop.minecraft.iron_helmet":1,"stat.drop":24,"stat.jump":60,"stat.playOneMinute":6943,"stat.pickup.minecraft.coal":284,"stat.fallOneCm":1730,"stat.sneakTime":471,"stat.pickup.minecraft.glowstone_dust":64,"stat.drop.minecraft.iron_chestplate":1,"stat.drop.minecraft.iron_boots":1,"stat.crouchOneCm":1143,"stat.timeSinceDeath":6943,"stat.sprintOneCm":14631,"stat.mineBlock.minecraft.stone":175,"stat.craftItem.minecraft.wooden_pickaxe":7,"stat.pickup.minecraft.iron_ore":18}