{"stat.walkOneCm":162491,"stat.playerKills":106,"stat.leaveGame":4,"stat.craftItem.minecraft.crafting_table":1,"stat.useItem.minecraft.diamond_sword":7,"stat.pickup.minecraft.log":8,"stat.craftItem.minecraft.diamond_sword":1,"stat.jump":936,"stat.swimOneCm":1133,"stat.pickup.minecraft.iron_helmet":2,"stat.fallOneCm":515293,"stat.drop.minecraft.iron_chestplate":4,"stat.drop.minecraft.wooden_sword":2,"stat.drop.minecraft.sapling":1,"stat.crouchOneCm":2775,"stat.breakItem.minecraft.iron_helmet":1,"stat.pickup.minecraft.sapling":1,"stat.pickup.minecraft.dirt":9,"stat.useItem.minecraft.dirt":9,"stat.sprintOneCm":220802,"stat.pickup.minecraft.iron_chestplate":1,"stat.pickup.minecraft.iron_boots":1,"stat.craftItem.minecraft.stick":4,"stat.craftingTableInteraction":1,"stat.craftItem.minecraft.planks":32,"stat.damageTaken":60355,"stat.drop.minecraft.iron_leggings":4,"stat.tradedWithVillager":7,"stat.craftItem.minecraft.wooden_sword":5,"stat.mineBlock.minecraft.log":8,"stat.pickup.minecraft.iron_leggings":2,"stat.flyOneCm":336389,"stat.drop.minecraft.iron_helmet":4,"stat.deaths":113,"stat.drop":19,"stat.pickup.minecraft.diamond":8,"stat.mineBlock.minecraft.leaves":1,"stat.playOneMinute":46085,"stat.useItem.minecraft.wooden_sword":486,"stat.sneakTime":1094,"stat.drop.minecraft.iron_boots":4,"stat.damageDealt":12655,"stat.timeSinceDeath":1163,"stat.mineBlock.minecraft.dirt":10,"stat.useItem.minecraft.crafting_table":1,"stat.mineBlock.minecraft.tallgrass":3,"stat.diveOneCm":2959}