{"stat.useItem.minecraft.bow":17,"stat.useItem.minecraft.chain_command_block":6,"stat.pickup.minecraft.redstone_torch":1,"stat.useItem.minecraft.repeater":9,"stat.leaveGame":87,"stat.mineBlock.minecraft.cobblestone":8,"stat.killEntity.Parrot":1,"stat.useItem.minecraft.skull":7,"stat.useItem.minecraft.repeating_command_block":17,"stat.useItem.minecraft.diamond_sword":53,"stat.useItem.minecraft.glowstone":15,"stat.drop.minecraft.shield":1,"stat.breakItem.minecraft.wooden_sword":2,"stat.swimOneCm":1507,"stat.useItem.minecraft.planks":248,"stat.climbOneCm":8,"stat.drop.minecraft.cobblestone":567,"stat.pickup.minecraft.cooked_porkchop":2,"stat.drop.minecraft.feather":5,"stat.pickup.minecraft.porkchop":416,"stat.useItem.minecraft.redstone_torch":30,"stat.useItem.minecraft.dirt":325,"stat.pickup.minecraft.bow":4,"stat.pickup.minecraft.iron_boots":8,"stat.useItem.minecraft.water_bucket":3,"stat.mineBlock.minecraft.stone_brick_stairs":2,"stat.pickup.minecraft.rotten_flesh":6,"stat.useItem.minecraft.iron_ore":1,"stat.craftItem.minecraft.stone_pickaxe":18,"stat.pickup.minecraft.cobblestone":2585,"stat.pickup.minecraft.gold_block":139,"stat.useItem.minecraft.anvil":1,"stat.flyOneCm":4893697,"stat.drop.minecraft.iron_helmet":3,"stat.useItem.minecraft.brown_mushroom":4,"stat.useItem.minecraft.red_mushroom":3,"stat.pickup.minecraft.chain_command_block":1,"stat.drop.minecraft.sand":128,"stat.killEntity.Villager":1,"stat.pickup.minecraft.redstone":2,"stat.mineBlock.minecraft.iron_ore":392,"stat.timeSinceDeath":3012,"stat.hopperInspected":24,"stat.useItem.minecraft.sign":65,"stat.drop.minecraft.diamond":80,"stat.useItem.minecraft.spawn_egg":63,"stat.useItem.minecraft.wooden_slab":17,"stat.craftItem.minecraft.wooden_pickaxe":16,"stat.pickup.minecraft.mutton":41,"stat.pickup.minecraft.ghast_tear":210,"stat.pickup.minecraft.double_plant":3928,"stat.drop.minecraft.coal":143,"stat.useItem.minecraft.lever":10,"stat.pickup.minecraft.wooden_axe":1,"stat.useItem.minecraft.oak_stairs":73,"stat.killEntity.Wolf":4,"stat.drop.minecraft.dirt":66,"stat.mineBlock.minecraft.coal_ore":834,"stat.drop.minecraft.wool":128,"stat.pickup.minecraft.wooden_button":3,"stat.talkedToVillager":178,"stat.pickup.minecraft.wooden_sword":12,"stat.useItem.minecraft.redstone":54,"stat.drop.minecraft.wooden_button":2,"stat.sprintOneCm":1038435,"stat.pickup.minecraft.iron_chestplate":10,"stat.useItem.minecraft.fence":44,"stat.useItem.minecraft.stone_slab":51,"stat.useItem.minecraft.wooden_button":18,"stat.useItem.minecraft.diamond_pickaxe":3403,"stat.useItem.minecraft.hopper":13,"stat.drop.minecraft.golden_apple":128,"stat.pickup.minecraft.lever":3,"stat.deaths":229,"stat.drop":143,"stat.drop.minecraft.chain_command_block":2,"stat.playOneMinute":1236293,"stat.useItem.minecraft.wooden_sword":2081,"stat.killEntity.Sheep":29,"stat.craftItem.minecraft.diamond_pickaxe":32,"stat.killEntity.Zombie":3,"stat.drop.minecraft.chest":1,"stat.mineBlock.minecraft.tallgrass":34,"stat.drop.minecraft.diamond_pickaxe":4,"stat.diveOneCm":2271,"stat.chestOpened":52,"stat.useItem.minecraft.splash_potion":17,"stat.useItem.minecraft.sticky_piston":10,"stat.useItem.minecraft.stone":173,"stat.mineBlock.minecraft.stone_button":1,"stat.drop.minecraft.wooden_pickaxe":4,"stat.pickup.minecraft.arrow":4,"stat.drop.minecraft.cooked_beef":130,"stat.useItem.minecraft.diamond_axe":27,"stat.pickup.minecraft.diamond_sword":4,"stat.drop.minecraft.sponge":64,"stat.mineBlock.minecraft.gold_block":259,"stat.useItem.minecraft.bedrock":128,"stat.jump":6493,"stat.useItem.minecraft.sand":4,"stat.pickup.minecraft.iron_helmet":11,"stat.pickup.minecraft.coal":3244,"stat.fallOneCm":780294,"stat.drop.minecraft.diamond_sword":3,"stat.drop.minecraft.wooden_sword":12,"stat.crouchOneCm":27086,"stat.pickup.minecraft.red_mushroom":3,"stat.pickup.minecraft.iron_ore":236,"stat.useItem.minecraft.glass":7,"stat.pickup.minecraft.command_block":128,"stat.useItem.minecraft.redstone_lamp":1,"stat.pickup.minecraft.repeater":3,"stat.drop.minecraft.double_plant":153,"stat.damageTaken":250832,"stat.pickup.minecraft.feather":5,"stat.drop.minecraft.bone":60,"stat.useItem.minecraft.wooden_pickaxe":880,"stat.tradedWithVillager":1431,"stat.craftItem.minecraft.wooden_sword":4,"stat.pickup.minecraft.planks":131,"stat.pickup.minecraft.iron_leggings":9,"stat.pickup.minecraft.wheat_seeds":5,"stat.useItem.minecraft.stone_pickaxe":288,"stat.damageDealt":54172,"stat.killEntity.Pig":7,"stat.useItem.minecraft.command_block":61,"stat.walkOneCm":2079389,"stat.pickup.minecraft.golden_apple":192,"stat.playerKills":301,"stat.useItem.minecraft.chest":23,"stat.pickup.minecraft.diamond_pickaxe":3,"stat.useItem.minecraft.comparator":11,"stat.useItem.minecraft.cobblestone":56,"stat.useItem.minecraft.tnt":6,"stat.drop.minecraft.coal_ore":64,"stat.useItem.minecraft.redstone_block":4,"stat.drop.minecraft.iron_ore":128,"stat.pickup.minecraft.stone":4,"stat.drop.minecraft.planks":196,"stat.drop.minecraft.command_block":256,"stat.pickup.minecraft.cooked_beef":256,"stat.useItem.minecraft.netherrack":5,"stat.drop.minecraft.bow":2,"stat.useItem.minecraft.barrier":196,"stat.mobKills":47,"stat.drop.minecraft.repeating_command_block":1,"stat.useItem.minecraft.golden_apple":3,"stat.pickup.minecraft.diamond":4,"stat.pickup.minecraft.iron_horse_armor":2,"stat.sneakTime":19229,"stat.pickup.minecraft.wool":29,"stat.drop.minecraft.arrow":2,"stat.drop.minecraft.ghast_tear":128,"stat.mineBlock.minecraft.stone":3050,"stat.drop.minecraft.wooden_axe":2,"stat.useItem.minecraft.sandstone":1}