{"stat.chestOpened":23,"stat.drop.minecraft.stone_pickaxe":1,"stat.pickup.minecraft.repeating_command_block":3,"stat.walkOneCm":4216,"stat.drop.minecraft.coal":174,"stat.useItem.minecraft.chest":18,"stat.pickup.minecraft.diamond_pickaxe":1,"stat.leaveGame":2,"stat.useItem.minecraft.flint_and_steel":62,"stat.pickup.minecraft.wooden_pickaxe":2,"stat.pickup.minecraft.stone_pickaxe":2,"stat.pickup.minecraft.gold_block":2,"stat.talkedToVillager":2,"stat.pickup.minecraft.wooden_sword":4,"stat.pickup.minecraft.iron_leggings":4,"stat.flyOneCm":27017,"stat.drop":4,"stat.jump":61,"stat.swimOneCm":298,"stat.playOneMinute":6234,"stat.pickup.minecraft.coal":204,"stat.pickup.minecraft.iron_helmet":3,"stat.pickup.minecraft.chain_command_block":4,"stat.fallOneCm":743,"stat.sneakTime":25,"stat.timeSinceDeath":6234,"stat.sprintOneCm":6602,"stat.pickup.minecraft.iron_chestplate":3,"stat.pickup.minecraft.iron_boots":4,"stat.diveOneCm":519}