{"stat.pickup.minecraft.double_plant":8,"stat.pickup.minecraft.ghast_tear":424,"stat.walkOneCm":178594,"stat.useItem.minecraft.quartz_block":27,"stat.playerKills":1,"stat.useItem.minecraft.quartz_stairs":28,"stat.leaveGame":1,"stat.drop.minecraft.double_plant":2,"stat.damageTaken":2371,"stat.useItem.minecraft.diamond_pickaxe":1655,"stat.craftItem.minecraft.stone_pickaxe":9,"stat.useItem.minecraft.wooden_pickaxe":301,"stat.tradedWithVillager":3312,"stat.pickup.minecraft.cobblestone":1180,"stat.mineBlock.minecraft.coal_ore":445,"stat.pickup.minecraft.gold_block":101,"stat.talkedToVillager":127,"stat.useItem.minecraft.glowstone":6,"stat.useItem.minecraft.stained_glass_pane":12,"stat.flyOneCm":549464,"stat.deaths":5,"stat.mineBlock.minecraft.gold_block":134,"stat.drop":9,"stat.jump":973,"stat.swimOneCm":481,"stat.playOneMinute":115571,"stat.pickup.minecraft.coal":1633,"stat.fallOneCm":20316,"stat.useItem.minecraft.wooden_sword":13,"stat.useItem.minecraft.stone_pickaxe":132,"stat.sneakTime":4461,"stat.damageDealt":196,"stat.craftItem.minecraft.diamond_pickaxe":23,"stat.crouchOneCm":14433,"stat.mineBlock.minecraft.iron_ore":156,"stat.useItem.minecraft.coal_block":2,"stat.timeSinceDeath":20498,"stat.useItem.minecraft.dirt":8,"stat.sprintOneCm":201536,"stat.mineBlock.minecraft.dirt":1,"stat.drop.minecraft.ghast_tear":424,"stat.mineBlock.minecraft.stone":1347,"stat.craftItem.minecraft.wooden_pickaxe":8,"stat.diveOneCm":1356,"stat.useItem.minecraft.concrete":317,"stat.pickup.minecraft.iron_ore":106}