{"stat.drop.minecraft.wooden_pickaxe":1,"stat.leaveGame":2,"stat.pickup.minecraft.gold_nugget":81,"stat.mineBlock.minecraft.gold_block":294,"stat.jump":508,"stat.pickup.minecraft.coal":2227,"stat.fallOneCm":54509,"stat.drop.minecraft.cobblestone":1353,"stat.crouchOneCm":23017,"stat.pickup.minecraft.iron_ore":175,"stat.drop.minecraft.gold_block":60,"stat.drop.minecraft.double_plant":7351,"stat.damageTaken":4312,"stat.drop.minecraft.iron_leggings":1,"stat.craftItem.minecraft.stone_pickaxe":9,"stat.useItem.minecraft.wooden_pickaxe":670,"stat.tradedWithVillager":1315,"stat.pickup.minecraft.cobblestone":1371,"stat.pickup.minecraft.gold_block":61,"stat.flyOneCm":130272,"stat.drop.minecraft.iron_helmet":1,"stat.useItem.minecraft.stone_pickaxe":360,"stat.damageDealt":507,"stat.mineBlock.minecraft.iron_ore":648,"stat.timeSinceDeath":26496,"stat.craftItem.minecraft.wooden_pickaxe":8,"stat.pickup.minecraft.double_plant":4402,"stat.walkOneCm":250992,"stat.drop.minecraft.coal":1879,"stat.pickup.minecraft.diamond_pickaxe":2,"stat.useItem.minecraft.cobblestone":3,"stat.mineBlock.minecraft.coal_ore":1203,"stat.talkedToVillager":93,"stat.drop.minecraft.iron_ore":169,"stat.drop.minecraft.iron_chestplate":1,"stat.craftItem.minecraft.gold_ingot":9,"stat.drop.minecraft.gold_nugget":162,"stat.sprintOneCm":200460,"stat.craftItem.minecraft.gold_nugget":81,"stat.useItem.minecraft.diamond_pickaxe":5835,"stat.deaths":5,"stat.drop":261,"stat.playOneMinute":86545,"stat.sneakTime":4655,"stat.drop.minecraft.iron_boots":1,"stat.craftItem.minecraft.diamond_pickaxe":20,"stat.mineBlock.minecraft.stone":4667}