{"stat.pickup.minecraft.double_plant":625,"stat.walkOneCm":124811,"stat.pickup.minecraft.diamond_pickaxe":1,"stat.pickup.minecraft.wooden_pickaxe":1,"stat.damageTaken":655390,"stat.pickup.minecraft.stone_pickaxe":1,"stat.drop.minecraft.iron_leggings":3,"stat.useItem.minecraft.diamond_pickaxe":12,"stat.craftItem.minecraft.stone_pickaxe":9,"stat.useItem.minecraft.wooden_pickaxe":88,"stat.tradedWithVillager":523,"stat.pickup.minecraft.cobblestone":268,"stat.mineBlock.minecraft.coal_ore":25,"stat.pickup.minecraft.gold_block":63,"stat.talkedToVillager":53,"stat.pickup.minecraft.iron_leggings":2,"stat.flyOneCm":17413,"stat.drop.minecraft.iron_helmet":2,"stat.deaths":2,"stat.mineBlock.minecraft.gold_block":12,"stat.drop":10,"stat.jump":156,"stat.playOneMinute":57507,"stat.pickup.minecraft.coal":258,"stat.pickup.minecraft.iron_helmet":1,"stat.fallOneCm":2219,"stat.sneakTime":65,"stat.drop.minecraft.iron_chestplate":1,"stat.drop.minecraft.iron_boots":3,"stat.craftItem.minecraft.diamond_pickaxe":1,"stat.crouchOneCm":75,"stat.timeSinceDeath":37250,"stat.sprintOneCm":43749,"stat.craftItem.minecraft.wooden_pickaxe":8,"stat.mineBlock.minecraft.stone":53,"stat.pickup.minecraft.iron_boots":2,"stat.drop.minecraft.diamond_pickaxe":1,"stat.pickup.minecraft.iron_ore":42}