{"stat.pickup.minecraft.double_plant":101,"stat.walkOneCm":59365,"stat.leaveGame":3,"stat.pickup.minecraft.wooden_pickaxe":1,"stat.damageTaken":2413,"stat.useItem.minecraft.cobblestone":1,"stat.drop.minecraft.iron_leggings":1,"stat.useItem.minecraft.wooden_pickaxe":830,"stat.tradedWithVillager":143,"stat.pickup.minecraft.cobblestone":859,"stat.mineBlock.minecraft.coal_ore":75,"stat.pickup.minecraft.gold_block":11,"stat.talkedToVillager":31,"stat.flyOneCm":44865,"stat.drop.minecraft.iron_helmet":1,"stat.deaths":2,"stat.drop":5,"stat.jump":229,"stat.playOneMinute":29096,"stat.pickup.minecraft.coal":363,"stat.fallOneCm":23645,"stat.useItem.minecraft.wooden_sword":2,"stat.sneakTime":300,"stat.drop.minecraft.iron_chestplate":1,"stat.drop.minecraft.iron_boots":1,"stat.damageDealt":18,"stat.pickup.minecraft.stone":1,"stat.drop.minecraft.wooden_sword":1,"stat.crouchOneCm":1032,"stat.timeSinceDeath":18400,"stat.sprintOneCm":65420,"stat.mineBlock.minecraft.stone":714,"stat.craftItem.minecraft.wooden_pickaxe":8,"stat.pickup.minecraft.iron_ore":37}