{"stat.pickup.minecraft.log":3,"stat.flyOneCm":4703,"stat.mineBlock.minecraft.planks":2,"stat.walkOneCm":1004,"stat.jump":26,"stat.playOneMinute":1312,"stat.fallOneCm":1290,"stat.useItem.minecraft.planks":2,"stat.leaveGame":1,"stat.sneakTime":514,"stat.damageTaken":108,"stat.damageDealt":57,"stat.crouchOneCm":899,"stat.timeSinceDeath":1312,"stat.pickup.minecraft.dirt":4,"stat.useItem.minecraft.dirt":4,"stat.sprintOneCm":7031,"stat.mineBlock.minecraft.dirt":4,"stat.mineBlock.minecraft.log":3,"achievement.exploreAllBiomes":{"value":0,"progress":["Plains"]},"stat.mineBlock.minecraft.tallgrass":6,"stat.pickup.minecraft.planks":2}