{"stat.walkOneCm":14121,"stat.drop.minecraft.wooden_pickaxe":1,"stat.leaveGame":1,"stat.drop.minecraft.iron_leggings":7,"stat.useItem.minecraft.wooden_pickaxe":52,"stat.tradedWithVillager":67,"stat.pickup.minecraft.cobblestone":120,"stat.mineBlock.minecraft.coal_ore":7,"stat.pickup.minecraft.gold_block":27,"stat.talkedToVillager":15,"stat.flyOneCm":34126,"stat.drop.minecraft.iron_helmet":7,"stat.drop":34,"stat.jump":140,"stat.swimOneCm":20,"stat.playOneMinute":7530,"stat.pickup.minecraft.coal":87,"stat.fallOneCm":2148,"stat.sneakTime":186,"stat.drop.minecraft.iron_chestplate":7,"stat.drop.minecraft.iron_boots":7,"stat.drop.minecraft.wooden_sword":5,"stat.crouchOneCm":550,"stat.timeSinceDeath":7530,"stat.sprintOneCm":17093,"stat.mineBlock.minecraft.stone":39,"stat.craftItem.minecraft.wooden_pickaxe":6,"stat.pickup.minecraft.iron_ore":7}