{"stat.walkOneCm":95711,"stat.playerKills":44,"stat.pickup.minecraft.stick":3,"stat.leaveGame":1,"stat.drop.minecraft.glowstone_dust":4,"stat.craftItem.minecraft.crafting_table":1,"stat.mineBlock.minecraft.double_plant":1,"stat.useItem.minecraft.diamond_sword":8,"stat.pickup.minecraft.wooden_sword":8,"stat.pickup.minecraft.log":6,"stat.breakItem.minecraft.wooden_sword":1,"stat.craftItem.minecraft.diamond_sword":1,"stat.swimOneCm":2951,"stat.jump":1053,"stat.pickup.minecraft.iron_helmet":9,"stat.fallOneCm":551397,"stat.breakItem.minecraft.iron_boots":1,"stat.drop.minecraft.iron_chestplate":13,"stat.pickup.minecraft.glowstone_dust":4,"stat.drop.minecraft.wooden_sword":11,"stat.crouchOneCm":30518,"stat.pickup.minecraft.sapling":3,"stat.pickup.minecraft.dirt":23,"stat.useItem.minecraft.dirt":20,"stat.sprintOneCm":196797,"stat.pickup.minecraft.iron_chestplate":8,"stat.pickup.minecraft.iron_boots":4,"stat.craftItem.minecraft.stick":4,"stat.craftingTableInteraction":5,"stat.craftItem.minecraft.planks":24,"stat.damageTaken":63944,"stat.drop.minecraft.iron_leggings":13,"stat.mineBlock.minecraft.red_flower":1,"stat.mineBlock.minecraft.glowstone":3,"stat.tradedWithVillager":4,"stat.craftItem.minecraft.wooden_sword":4,"stat.mineBlock.minecraft.log":6,"stat.pickup.minecraft.iron_leggings":9,"stat.drop.minecraft.iron_helmet":14,"stat.flyOneCm":371583,"stat.deaths":113,"stat.drop":67,"stat.pickup.minecraft.wheat_seeds":7,"stat.pickup.minecraft.diamond":16,"stat.mineBlock.minecraft.leaves":3,"stat.breakItem.minecraft.iron_leggings":1,"stat.playOneMinute":44958,"stat.useItem.minecraft.wooden_sword":274,"stat.drop.minecraft.wheat_seeds":6,"stat.sneakTime":7369,"stat.drop.minecraft.iron_boots":8,"stat.damageDealt":6512,"stat.timeSinceDeath":1000,"stat.mineBlock.minecraft.dirt":23,"stat.useItem.minecraft.crafting_table":1,"stat.drop.minecraft.diamond":8,"stat.mineBlock.minecraft.tallgrass":35,"stat.diveOneCm":2733,"stat.drop.minecraft.stick":3}