{"stat.pickup.minecraft.double_plant":163,"stat.walkOneCm":109350,"stat.drop.minecraft.coal":211,"stat.playerKills":6,"stat.drop.minecraft.gold_block":34,"stat.leaveGame":2,"stat.drop.minecraft.double_plant":15,"stat.pickup.minecraft.wooden_pickaxe":1,"stat.damageTaken":18609,"stat.drop.minecraft.iron_leggings":2,"stat.useItem.minecraft.diamond_pickaxe":272,"stat.craftItem.minecraft.stone_pickaxe":9,"stat.useItem.minecraft.wooden_pickaxe":766,"stat.tradedWithVillager":527,"stat.pickup.minecraft.cobblestone":910,"stat.mineBlock.minecraft.coal_ore":206,"stat.pickup.minecraft.gold_block":42,"stat.talkedToVillager":33,"stat.flyOneCm":150672,"stat.drop.minecraft.iron_helmet":3,"stat.deaths":25,"stat.mineBlock.minecraft.gold_block":60,"stat.drop":68,"stat.jump":627,"stat.playOneMinute":65420,"stat.pickup.minecraft.coal":206,"stat.pickup.minecraft.iron_helmet":1,"stat.fallOneCm":185992,"stat.useItem.minecraft.wooden_sword":5,"stat.useItem.minecraft.stone_pickaxe":191,"stat.drop.minecraft.iron_ore":23,"stat.drop.minecraft.cobblestone":854,"stat.sneakTime":1565,"stat.drop.minecraft.iron_chestplate":2,"stat.drop.minecraft.iron_boots":2,"stat.damageDealt":74,"stat.drop.minecraft.wooden_sword":2,"stat.craftItem.minecraft.diamond_pickaxe":9,"stat.crouchOneCm":6275,"stat.mineBlock.minecraft.iron_ore":39,"stat.timeSinceDeath":46619,"stat.sprintOneCm":141254,"stat.drop.minecraft.ghast_tear":1000,"stat.mineBlock.minecraft.stone":893,"stat.craftItem.minecraft.wooden_pickaxe":8,"stat.pickup.minecraft.iron_ore":23}