{"stat.flyOneCm":113023,"stat.breakItem.minecraft.wooden_sword":2,"stat.deaths":63,"stat.walkOneCm":119969,"stat.pickup.minecraft.diamond":8,"stat.jump":471,"stat.playerKills":9,"stat.playOneMinute":30784,"stat.breakItem.minecraft.iron_leggings":1,"stat.fallOneCm":246910,"stat.useItem.minecraft.wooden_sword":174,"stat.breakItem.minecraft.iron_boots":1,"stat.leaveGame":1,"stat.damageTaken":31453,"stat.damageDealt":3844,"stat.breakItem.minecraft.iron_helmet":1,"stat.timeSinceDeath":147,"stat.tradedWithVillager":1,"stat.sprintOneCm":63878,"stat.craftItem.minecraft.wooden_sword":1,"stat.pickup.minecraft.wooden_sword":1,"stat.breakItem.minecraft.iron_chestplate":1}