{"stat.pickup.minecraft.double_plant":83,"stat.walkOneCm":24859,"stat.leaveGame":1,"stat.drop.minecraft.double_plant":275,"stat.drop.minecraft.glowstone_dust":47,"stat.mineBlock.minecraft.cobblestone":1,"stat.pickup.minecraft.wooden_pickaxe":1,"stat.damageTaken":302,"stat.drop.minecraft.iron_leggings":3,"stat.useItem.minecraft.cobblestone":28,"stat.useItem.minecraft.wooden_pickaxe":108,"stat.mineBlock.minecraft.glowstone":24,"stat.tradedWithVillager":36,"stat.pickup.minecraft.cobblestone":163,"stat.mineBlock.minecraft.coal_ore":13,"stat.pickup.minecraft.gold_block":10,"stat.talkedToVillager":15,"stat.flyOneCm":40425,"stat.drop.minecraft.iron_helmet":3,"stat.drop":18,"stat.pickup.minecraft.wheat_seeds":3,"stat.jump":234,"stat.swimOneCm":3697,"stat.playOneMinute":16268,"stat.pickup.minecraft.coal":51,"stat.fallOneCm":6705,"stat.useItem.minecraft.wooden_sword":15,"stat.mineBlock.minecraft.glass":2,"stat.sneakTime":1256,"stat.drop.minecraft.iron_chestplate":3,"stat.pickup.minecraft.glowstone_dust":50,"stat.drop.minecraft.iron_boots":3,"stat.damageDealt":221,"stat.crouchOneCm":2410,"stat.timeSinceDeath":16268,"stat.sprintOneCm":38911,"stat.mineBlock.minecraft.stone":81,"stat.craftItem.minecraft.wooden_pickaxe":4,"stat.diveOneCm":1104,"stat.pickup.minecraft.iron_ore":1}