{"stat.pickup.minecraft.iron_leggings":9,"stat.flyOneCm":3273,"stat.deaths":2,"stat.walkOneCm":4315,"stat.drop":1,"stat.jump":10,"stat.playOneMinute":3039,"stat.pickup.minecraft.iron_helmet":9,"stat.fallOneCm":9123,"stat.useItem.minecraft.wooden_sword":3,"stat.leaveGame":1,"stat.sneakTime":213,"stat.damageTaken":993,"stat.damageDealt":57,"stat.drop.minecraft.wooden_sword":1,"stat.crouchOneCm":59,"stat.timeSinceDeath":2165,"stat.sprintOneCm":2385,"stat.pickup.minecraft.iron_chestplate":8,"stat.pickup.minecraft.iron_boots":8,"stat.pickup.minecraft.wooden_sword":7}