{"stat.drop.minecraft.repeater":1,"stat.useItem.minecraft.command_block":7,"stat.walkOneCm":271765,"stat.playerKills":44,"stat.useItem.minecraft.repeater":85,"stat.leaveGame":3,"stat.drop.minecraft.glowstone_dust":4,"stat.drop.minecraft.redstone":1,"stat.jump":1153,"stat.fallOneCm":410868,"stat.useItem.minecraft.redstone":4,"stat.drop.minecraft.iron_chestplate":2,"stat.pickup.minecraft.glowstone_dust":4,"stat.drop.minecraft.wooden_sword":1,"stat.crouchOneCm":11770,"stat.pickup.minecraft.dirt":1,"stat.useItem.minecraft.dirt":2,"stat.useItem.minecraft.stone_button":4,"stat.sprintOneCm":198505,"stat.pickup.minecraft.iron_chestplate":1,"stat.drop.minecraft.command_block":64,"stat.drop.minecraft.barrier":64,"stat.useItem.minecraft.barrier":538,"stat.damageTaken":37519,"stat.drop.minecraft.iron_leggings":1,"stat.tradedWithVillager":2,"stat.drop.minecraft.stone_button":4,"stat.craftItem.minecraft.wooden_sword":1,"stat.flyOneCm":395627,"stat.drop.minecraft.iron_helmet":1,"stat.deaths":58,"stat.drop":29,"stat.pickup.minecraft.diamond":5,"stat.playOneMinute":78826,"stat.useItem.minecraft.wooden_sword":303,"stat.pickup.minecraft.stone_button":3,"stat.sneakTime":3101,"stat.drop.minecraft.iron_boots":1,"stat.damageDealt":6892,"stat.timeSinceDeath":119,"stat.drop.minecraft.ghast_tear":936,"stat.mineBlock.minecraft.tallgrass":1}