{"stat.craftItem.minecraft.furnace":1,"stat.walkOneCm":47759,"stat.playerKills":2,"stat.craftItem.minecraft.planks":12,"stat.leaveGame":1,"stat.pickup.minecraft.crafting_table":3,"stat.damageTaken":4696,"stat.mineBlock.minecraft.crafting_table":3,"stat.drop.minecraft.iron_leggings":1,"stat.craftItem.minecraft.crafting_table":1,"stat.craftItem.minecraft.stone_pickaxe":1,"stat.useItem.minecraft.wooden_pickaxe":11,"stat.pickup.minecraft.cobblestone":13,"stat.mineBlock.minecraft.coal_ore":4,"stat.mineBlock.minecraft.log":3,"stat.talkedToVillager":7,"stat.pickup.minecraft.log":3,"stat.craftItem.minecraft.stone_sword":1,"stat.flyOneCm":34604,"stat.drop.minecraft.iron_helmet":1,"stat.deaths":8,"stat.drop":4,"stat.jump":139,"stat.playOneMinute":13087,"stat.pickup.minecraft.coal":4,"stat.fallOneCm":39236,"stat.useItem.minecraft.stone_pickaxe":15,"stat.sneakTime":913,"stat.drop.minecraft.iron_chestplate":1,"stat.useItem.minecraft.stone_sword":2,"stat.drop.minecraft.iron_boots":1,"stat.damageDealt":87,"stat.crouchOneCm":3517,"stat.mineBlock.minecraft.iron_ore":5,"stat.timeSinceDeath":6769,"stat.pickup.minecraft.dirt":7,"stat.useItem.minecraft.dirt":7,"stat.sprintOneCm":21171,"stat.mineBlock.minecraft.dirt":7,"stat.useItem.minecraft.crafting_table":3,"stat.mineBlock.minecraft.stone":13,"stat.craftItem.minecraft.stick":4,"stat.craftingTableInteraction":4,"stat.pickup.minecraft.iron_ore":5}