{"stat.flyOneCm":25280,"stat.walkOneCm":8583,"stat.pickup.minecraft.wheat_seeds":1,"stat.jump":86,"stat.playOneMinute":5724,"stat.fallOneCm":61289,"achievement.openInventory":2,"stat.leaveGame":1,"stat.useItem.minecraft.yellow_flower":1,"stat.damageTaken":40,"stat.mineBlock.minecraft.yellow_flower":3,"stat.timeSinceDeath":5724,"stat.pickup.minecraft.yellow_flower":1,"stat.sprintOneCm":8607,"achievement.exploreAllBiomes":{"value":0,"progress":["Plains"]},"stat.mineBlock.minecraft.tallgrass":222,"stat.talkedToVillager":4}