{"stat.drop.minecraft.stone_pickaxe":1,"stat.pickup.minecraft.redstone_torch":3,"stat.useItem.minecraft.stone":15,"stat.drop.minecraft.wooden_pickaxe":1,"stat.mineBlock.minecraft.netherrack":397,"stat.pickup.minecraft.gravel":25,"stat.leaveGame":1,"stat.mineBlock.minecraft.cobblestone":8,"stat.pickup.minecraft.flint":1,"stat.pickup.minecraft.stone_axe":1,"stat.craftItem.minecraft.redstone_torch":4,"stat.craftItem.minecraft.iron_axe":1,"stat.pickup.minecraft.obsidian":5,"stat.drop.minecraft.iron_pickaxe":1,"stat.craftItem.minecraft.diamond_sword":1,"stat.jump":754,"stat.swimOneCm":4907,"stat.pickup.minecraft.iron_helmet":1,"stat.pickup.minecraft.coal":18,"stat.fallOneCm":77788,"stat.pickup.minecraft.glowstone_dust":34,"stat.drop.minecraft.stone_sword":1,"stat.drop.minecraft.wooden_sword":1,"stat.crouchOneCm":28931,"stat.craftItem.minecraft.iron_ingot":36,"stat.useItem.minecraft.obsidian":5,"stat.useItem.minecraft.redstone_torch":3,"stat.pickup.minecraft.dirt":2,"stat.useItem.minecraft.dirt":2,"stat.pickup.minecraft.iron_boots":1,"stat.useItem.minecraft.water_bucket":17,"stat.pickup.minecraft.iron_ore":55,"stat.craftingTableInteraction":8,"stat.craftItem.minecraft.furnace":1,"stat.craftItem.minecraft.flint_and_steel":1,"stat.craftItem.minecraft.stone_axe":1,"stat.damageTaken":6811,"stat.useItem.minecraft.iron_ore":6,"stat.craftItem.minecraft.wooden_button":1,"stat.craftItem.minecraft.stone_pickaxe":1,"stat.useItem.minecraft.furnace":1,"stat.useItem.minecraft.wooden_pickaxe":8,"stat.mineBlock.minecraft.obsidian":5,"stat.mineBlock.minecraft.magma":14,"stat.pickup.minecraft.cobblestone":90,"stat.pickup.minecraft.iron_leggings":1,"stat.craftItem.minecraft.stone_sword":1,"stat.flyOneCm":131922,"stat.craftItem.minecraft.iron_shovel":1,"stat.mineBlock.minecraft.gravel":26,"stat.useItem.minecraft.stone_pickaxe":84,"stat.pickup.minecraft.redstone":58,"stat.mineBlock.minecraft.iron_ore":55,"stat.timeSinceDeath":7279,"stat.hopperInspected":6,"stat.mineBlock.minecraft.dirt":2,"stat.useItem.minecraft.crafting_table":3,"stat.useItem.minecraft.iron_pickaxe":5,"stat.craftItem.minecraft.wooden_pickaxe":1,"stat.useItem.minecraft.iron_shovel":26,"stat.walkOneCm":98236,"stat.pickup.minecraft.crafting_table":2,"stat.useItem.minecraft.cobblestone":12,"stat.pickup.minecraft.magma":12,"stat.furnaceInteraction":10,"stat.craftItem.minecraft.crafting_table":2,"stat.useItem.minecraft.gravel":24,"stat.useItem.minecraft.lava_bucket":3,"stat.mineBlock.minecraft.coal_ore":18,"stat.pickup.minecraft.wooden_button":1,"stat.pickup.minecraft.wooden_sword":1,"stat.drop.minecraft.netherrack":222,"stat.mineBlock.minecraft.wooden_button":1,"stat.pickup.minecraft.stone":15,"stat.sprintOneCm":76503,"stat.pickup.minecraft.iron_chestplate":1,"stat.craftItem.minecraft.stick":20,"stat.useItem.minecraft.netherrack":83,"stat.craftItem.minecraft.bucket":1,"stat.mineBlock.minecraft.diamond_ore":5,"stat.useItem.minecraft.flint_and_steel":3,"stat.mineBlock.minecraft.redstone_torch":3,"stat.mineBlock.minecraft.crafting_table":1,"stat.useItem.minecraft.wooden_button":1,"stat.useItem.minecraft.diamond_pickaxe":532,"stat.mineBlock.minecraft.quartz_ore":16,"stat.mineBlock.minecraft.glowstone":17,"stat.useItem.minecraft.bucket":21,"stat.pickup.minecraft.quartz":16,"stat.deaths":8,"stat.drop":12,"stat.pickup.minecraft.diamond":5,"stat.playOneMinute":41486,"stat.mineBlock.minecraft.redstone_ore":13,"stat.sneakTime":7781,"stat.craftItem.minecraft.iron_pickaxe":1,"stat.craftItem.minecraft.diamond_pickaxe":1,"stat.drop.minecraft.stone_axe":2,"stat.mineBlock.minecraft.stone":97,"stat.mineBlock.minecraft.tallgrass":3,"stat.pickup.minecraft.netherrack":369,"stat.diveOneCm":3597}