{"stat.walkOneCm":87108,"stat.playerKills":15,"stat.leaveGame":1,"stat.damageTaken":24766,"stat.drop.minecraft.iron_leggings":4,"stat.tradedWithVillager":1,"stat.craftItem.minecraft.wooden_sword":1,"stat.pickup.minecraft.wooden_sword":10,"stat.pickup.minecraft.iron_leggings":6,"stat.flyOneCm":115783,"stat.breakItem.minecraft.wooden_sword":1,"stat.drop.minecraft.iron_helmet":5,"stat.deaths":43,"stat.drop":21,"stat.jump":338,"stat.swimOneCm":45,"stat.playOneMinute":19793,"stat.pickup.minecraft.iron_helmet":7,"stat.useItem.minecraft.wooden_sword":147,"stat.fallOneCm":213408,"stat.drop.minecraft.iron_chestplate":3,"stat.sneakTime":98,"stat.pickup.minecraft.glowstone_dust":4,"stat.drop.minecraft.iron_boots":5,"stat.drop.minecraft.wooden_sword":4,"stat.damageDealt":3039,"stat.crouchOneCm":44,"stat.timeSinceDeath":86,"stat.sprintOneCm":40335,"stat.pickup.minecraft.iron_chestplate":4,"stat.pickup.minecraft.iron_boots":7}