{"stat.walkOneCm":443308,"stat.playerKills":246,"stat.leaveGame":2,"stat.pickup.minecraft.crafting_table":1,"stat.breakItem.minecraft.shield":1,"stat.pickup.minecraft.wooden_sword":3,"stat.jump":2009,"stat.swimOneCm":43,"stat.pickup.minecraft.iron_helmet":2,"stat.fallOneCm":809162,"stat.breakItem.minecraft.iron_boots":1,"stat.drop.minecraft.wooden_sword":1,"stat.crouchOneCm":2884,"stat.breakItem.minecraft.iron_helmet":3,"stat.useItem.minecraft.dirt":2,"stat.pickup.minecraft.dirt":3,"stat.sprintOneCm":328595,"stat.pickup.minecraft.iron_chestplate":1,"stat.pickup.minecraft.iron_boots":1,"stat.damageTaken":103692,"stat.tradedWithVillager":8,"stat.drop.minecraft.stone_button":2,"stat.craftItem.minecraft.wooden_sword":5,"stat.pickup.minecraft.planks":20,"stat.pickup.minecraft.iron_leggings":1,"stat.flyOneCm":532333,"stat.deaths":181,"stat.pickup.minecraft.diamond":101,"stat.drop":13,"stat.playOneMinute":121105,"stat.useItem.minecraft.wooden_sword":1055,"stat.pickup.minecraft.stone_button":2,"stat.sneakTime":800,"stat.damageDealt":30201,"stat.timeSinceDeath":0,"stat.mineBlock.minecraft.dirt":2,"stat.drop.minecraft.diamond":75}