{"stat.drop.minecraft.stone_pickaxe":1,"stat.pickup.minecraft.double_plant":97,"stat.walkOneCm":92372,"stat.drop.minecraft.coal":57,"stat.pickup.minecraft.diamond_pickaxe":1,"stat.leaveGame":1,"stat.damageTaken":2020,"stat.pickup.minecraft.stone_pickaxe":1,"stat.drop.minecraft.iron_leggings":1,"stat.useItem.minecraft.diamond_pickaxe":1225,"stat.craftItem.minecraft.stone_pickaxe":9,"stat.useItem.minecraft.wooden_pickaxe":457,"stat.tradedWithVillager":4136,"stat.pickup.minecraft.cobblestone":1419,"stat.mineBlock.minecraft.coal_ore":306,"stat.pickup.minecraft.gold_block":90,"stat.talkedToVillager":100,"stat.flyOneCm":70257,"stat.drop.minecraft.iron_helmet":1,"stat.deaths":5,"stat.mineBlock.minecraft.gold_block":68,"stat.drop":94,"stat.jump":470,"stat.playOneMinute":65926,"stat.pickup.minecraft.coal":1785,"stat.fallOneCm":32716,"stat.useItem.minecraft.stone_pickaxe":317,"stat.drop.minecraft.cobblestone":87,"stat.sneakTime":644,"stat.drop.minecraft.iron_chestplate":1,"stat.drop.minecraft.iron_boots":1,"stat.drop.minecraft.wooden_sword":1,"stat.craftItem.minecraft.diamond_pickaxe":22,"stat.crouchOneCm":1586,"stat.mineBlock.minecraft.iron_ore":147,"stat.timeSinceDeath":13145,"stat.sprintOneCm":98023,"stat.mineBlock.minecraft.stone":1454,"stat.craftItem.minecraft.wooden_pickaxe":8,"stat.drop.minecraft.diamond_pickaxe":1,"stat.pickup.minecraft.iron_ore":141}