{"stat.flyOneCm":13955,"stat.drop.minecraft.iron_helmet":1,"stat.deaths":4,"stat.walkOneCm":29378,"stat.drop":5,"stat.jump":102,"stat.playOneMinute":7320,"stat.fallOneCm":29871,"stat.useItem.minecraft.wooden_sword":48,"stat.leaveGame":1,"stat.sneakTime":920,"stat.drop.minecraft.iron_chestplate":1,"stat.drop.minecraft.iron_boots":1,"stat.damageTaken":3935,"stat.drop.minecraft.iron_leggings":1,"stat.damageDealt":1230,"stat.drop.minecraft.wooden_sword":1,"stat.crouchOneCm":2599,"stat.timeSinceDeath":2156,"stat.sprintOneCm":10971,"stat.talkedToVillager":1,"stat.pickup.minecraft.wooden_sword":1}