{"stat.pickup.minecraft.double_plant":896,"stat.walkOneCm":62409,"stat.drop.minecraft.coal":1,"stat.useItem.minecraft.stone":4,"stat.pickup.minecraft.diamond_pickaxe":1,"stat.leaveGame":4,"stat.mineBlock.minecraft.coal_ore":26,"stat.talkedToVillager":18,"stat.mineBlock.minecraft.gold_block":38,"stat.jump":185,"stat.pickup.minecraft.coal":1,"stat.fallOneCm":11447,"stat.drop.minecraft.cobblestone":9,"stat.drop.minecraft.iron_chestplate":1,"stat.drop.minecraft.wooden_sword":1,"stat.crouchOneCm":2862,"stat.sprintOneCm":34655,"stat.pickup.minecraft.iron_ore":1,"stat.useItem.minecraft.stone_slab":65,"stat.drop.minecraft.double_plant":2112,"stat.damageTaken":830,"stat.drop.minecraft.iron_leggings":1,"stat.useItem.minecraft.diamond_pickaxe":206,"stat.craftItem.minecraft.stone_pickaxe":9,"stat.useItem.minecraft.wooden_pickaxe":9,"stat.tradedWithVillager":49,"stat.pickup.minecraft.cobblestone":21,"stat.flyOneCm":58264,"stat.drop.minecraft.iron_helmet":1,"stat.deaths":2,"stat.drop":40,"stat.playOneMinute":37925,"stat.sneakTime":1097,"stat.drop.minecraft.iron_boots":1,"stat.craftItem.minecraft.diamond_pickaxe":23,"stat.mineBlock.minecraft.iron_ore":23,"stat.timeSinceDeath":35433,"stat.mineBlock.minecraft.stone":128,"stat.craftItem.minecraft.wooden_pickaxe":8}