{"stat.pickup.minecraft.ghast_tear":16,"stat.walkOneCm":49128,"stat.playerKills":23,"stat.leaveGame":2,"stat.mineBlock.minecraft.yellow_flower":1,"stat.pickup.minecraft.wooden_sword":5,"stat.pickup.minecraft.log":6,"stat.jump":426,"stat.swimOneCm":21,"stat.fallOneCm":58075,"stat.drop.minecraft.iron_chestplate":3,"stat.drop.minecraft.wooden_sword":6,"stat.crouchOneCm":1432,"stat.sprintOneCm":57564,"stat.pickup.minecraft.iron_chestplate":1,"stat.pickup.minecraft.iron_boots":1,"stat.damageTaken":6726,"stat.drop.minecraft.iron_leggings":2,"stat.mineBlock.minecraft.log":6,"stat.flyOneCm":94271,"stat.drop.minecraft.iron_helmet":2,"stat.deaths":12,"stat.drop":18,"stat.pickup.minecraft.wheat_seeds":3,"stat.playOneMinute":27855,"stat.useItem.minecraft.wooden_sword":123,"stat.drop.minecraft.wheat_seeds":3,"stat.sneakTime":223,"stat.drop.minecraft.iron_boots":3,"stat.damageDealt":2975,"stat.timeSinceDeath":10691,"stat.mineBlock.minecraft.tallgrass":17}