{"stat.walkOneCm":115022,"stat.playerKills":8,"stat.leaveGame":2,"stat.damageTaken":14026,"stat.useItem.minecraft.wooden_pickaxe":155,"stat.tradedWithVillager":56,"stat.pickup.minecraft.cobblestone":86,"stat.mineBlock.minecraft.coal_ore":54,"stat.craftItem.minecraft.wooden_sword":1,"stat.talkedToVillager":18,"stat.pickup.minecraft.wooden_sword":1,"stat.flyOneCm":169890,"stat.deaths":22,"stat.pickup.minecraft.wheat_seeds":1,"stat.jump":626,"stat.swimOneCm":31,"stat.playOneMinute":33427,"stat.pickup.minecraft.coal":45,"stat.useItem.minecraft.wooden_sword":159,"stat.fallOneCm":86206,"stat.sneakTime":1909,"stat.damageDealt":3844,"stat.crouchOneCm":7118,"stat.breakItem.minecraft.iron_helmet":1,"stat.timeSinceDeath":8732,"stat.sprintOneCm":122487,"stat.mineBlock.minecraft.stone":94,"stat.craftItem.minecraft.wooden_pickaxe":6,"stat.mineBlock.minecraft.tallgrass":3}