{"stat.drop.minecraft.stone_pickaxe":1,"stat.chestOpened":4,"stat.useItem.minecraft.quartz_block":78,"stat.useItem.minecraft.stone":2,"stat.useItem.minecraft.quartz_stairs":2,"stat.leaveGame":8,"stat.drop.minecraft.glowstone_dust":67,"stat.pickup.minecraft.stone_pickaxe":2,"stat.useItem.minecraft.diamond_sword":6,"stat.mineBlock.minecraft.gold_block":279,"stat.jump":573,"stat.swimOneCm":3328,"stat.pickup.minecraft.iron_helmet":4,"stat.pickup.minecraft.coal":623,"stat.fallOneCm":20970,"stat.drop.minecraft.stone":1,"stat.pickup.minecraft.glowstone_dust":67,"stat.drop.minecraft.wooden_sword":1,"stat.crouchOneCm":12597,"stat.useItem.minecraft.dirt":318,"stat.pickup.minecraft.iron_boots":1,"stat.useItem.minecraft.water_bucket":23,"stat.pickup.minecraft.iron_ore":128,"stat.craftingTableInteraction":1,"stat.pickup.minecraft.wooden_pickaxe":1,"stat.drop.minecraft.double_plant":963,"stat.damageTaken":330382,"stat.drop.minecraft.iron_leggings":1,"stat.craftItem.minecraft.stone_pickaxe":9,"stat.useItem.minecraft.wooden_pickaxe":475,"stat.useItem.minecraft.furnace":5,"stat.tradedWithVillager":2902,"stat.pickup.minecraft.cobblestone":1088,"stat.pickup.minecraft.gold_block":226,"stat.pickup.minecraft.iron_leggings":1,"stat.useItem.minecraft.anvil":1,"stat.flyOneCm":323855,"stat.drop.minecraft.iron_helmet":4,"stat.useItem.minecraft.stone_pickaxe":798,"stat.mineBlock.minecraft.glass":2,"stat.damageDealt":661,"stat.mineBlock.minecraft.iron_ore":192,"stat.timeSinceDeath":64024,"stat.drop.minecraft.diamond":1,"stat.useItem.minecraft.crafting_table":5,"stat.useItem.minecraft.spawn_egg":3,"stat.craftItem.minecraft.wooden_pickaxe":8,"stat.useItem.minecraft.wooden_slab":47,"stat.pickup.minecraft.double_plant":3337,"stat.walkOneCm":244705,"stat.playerKills":1,"stat.useItem.minecraft.chest":8,"stat.pickup.minecraft.diamond_pickaxe":2,"stat.useItem.minecraft.log":18,"stat.mineBlock.minecraft.coal_ore":208,"stat.talkedToVillager":112,"stat.pickup.minecraft.wooden_sword":1,"stat.drop.minecraft.iron_ore":3,"stat.useItem.minecraft.sea_lantern":4,"stat.drop.minecraft.iron_chestplate":1,"stat.pickup.minecraft.stone":3,"stat.useItem.minecraft.leaves":9,"stat.sprintOneCm":165454,"stat.pickup.minecraft.iron_chestplate":1,"stat.useItem.minecraft.concrete":234,"stat.useItem.minecraft.stone_stairs":81,"stat.useItem.minecraft.stone_slab":12,"stat.drop.minecraft.lever":1,"stat.useItem.minecraft.diamond_pickaxe":1091,"stat.drop.minecraft.iron_horse_armor":3,"stat.mineBlock.minecraft.glowstone":1,"stat.pickup.minecraft.lever":2,"stat.deaths":5,"stat.useItem.minecraft.cobblestone_wall":8,"stat.drop":69,"stat.pickup.minecraft.iron_horse_armor":1,"stat.playOneMinute":153803,"stat.useItem.minecraft.wooden_sword":34,"stat.sneakTime":5166,"stat.drop.minecraft.iron_boots":1,"stat.craftItem.minecraft.diamond_pickaxe":23,"stat.drop.minecraft.ghast_tear":1984,"stat.mineBlock.minecraft.stone":1555,"stat.drop.minecraft.diamond_pickaxe":1}