{"stat.pickup.minecraft.double_plant":128,"stat.walkOneCm":14239,"stat.leaveGame":2,"stat.drop.minecraft.double_plant":128,"stat.useItem.minecraft.wooden_pickaxe":45,"stat.tradedWithVillager":4,"stat.pickup.minecraft.cobblestone":25,"stat.mineBlock.minecraft.coal_ore":16,"stat.talkedToVillager":3,"stat.flyOneCm":725,"stat.drop":2,"stat.jump":31,"stat.playOneMinute":5824,"stat.pickup.minecraft.coal":10,"stat.fallOneCm":627,"stat.timeSinceDeath":5824,"stat.sprintOneCm":478,"stat.mineBlock.minecraft.stone":28,"stat.craftItem.minecraft.wooden_pickaxe":4}