{"stat.chestOpened":1,"stat.pickup.minecraft.ghast_tear":128,"stat.useItem.minecraft.splash_potion":86,"stat.walkOneCm":148562,"stat.playerKills":17,"stat.leaveGame":4,"stat.drop.minecraft.dirt":1,"stat.killEntity.Wolf":1,"stat.jump":594,"stat.fallOneCm":106477,"stat.crouchOneCm":5941,"stat.useItem.minecraft.dirt":28,"stat.sprintOneCm":80835,"stat.damageTaken":14902,"stat.pickup.minecraft.feather":2,"stat.drop.minecraft.iron_horse_armor":64,"stat.tradedWithVillager":2,"stat.mobKills":1,"stat.craftItem.minecraft.wooden_sword":1,"stat.flyOneCm":111969,"stat.deaths":25,"stat.drop":2,"stat.playOneMinute":45904,"stat.useItem.minecraft.wooden_sword":196,"stat.sneakTime":2323,"stat.damageDealt":5113,"stat.timeSinceDeath":72,"stat.useItem.minecraft.spawn_egg":3}