{"stat.walkOneCm":92171,"stat.playerKills":10,"stat.craftItem.minecraft.planks":12,"stat.leaveGame":2,"stat.damageTaken":29070,"stat.tradedWithVillager":1,"stat.craftItem.minecraft.wooden_sword":1,"stat.mineBlock.minecraft.log":3,"stat.useItem.minecraft.diamond_sword":32,"stat.pickup.minecraft.log":3,"stat.flyOneCm":120134,"stat.deaths":54,"stat.craftItem.minecraft.diamond_sword":1,"stat.pickup.minecraft.wheat_seeds":4,"stat.jump":395,"stat.swimOneCm":1313,"stat.playOneMinute":24473,"stat.pickup.minecraft.iron_helmet":1,"stat.fallOneCm":274345,"stat.useItem.minecraft.wooden_sword":73,"stat.pickup.minecraft.red_flower":1,"stat.sneakTime":56,"stat.pickup.minecraft.glowstone_dust":2,"stat.damageDealt":2140,"stat.crouchOneCm":727,"stat.timeSinceDeath":137,"stat.pickup.minecraft.dirt":10,"stat.sprintOneCm":72310,"stat.mineBlock.minecraft.dirt":11,"stat.mineBlock.minecraft.tallgrass":18,"stat.diveOneCm":2741,"stat.craftItem.minecraft.stick":4,"stat.craftingTableInteraction":1}