{"stat.walkOneCm":10761,"stat.playerKills":1,"stat.leaveGame":2,"stat.damageTaken":2724,"stat.drop.minecraft.iron_leggings":4,"stat.flyOneCm":24312,"stat.drop.minecraft.iron_helmet":4,"stat.deaths":5,"stat.drop":20,"stat.jump":63,"stat.playOneMinute":4340,"stat.fallOneCm":18123,"stat.useItem.minecraft.wooden_sword":21,"stat.sneakTime":583,"stat.drop.minecraft.iron_chestplate":4,"stat.drop.minecraft.iron_boots":4,"stat.damageDealt":402,"stat.drop.minecraft.wooden_sword":4,"stat.crouchOneCm":2873,"stat.timeSinceDeath":57,"stat.sprintOneCm":18463}