{"stat.pickup.minecraft.ghast_tear":512,"stat.walkOneCm":101138,"stat.playerKills":13,"stat.leaveGame":1,"stat.damageTaken":14108,"stat.drop.minecraft.iron_leggings":2,"stat.drop.minecraft.iron_helmet":2,"stat.breakItem.minecraft.wooden_sword":1,"stat.flyOneCm":85592,"stat.deaths":15,"stat.drop":9,"stat.jump":446,"stat.swimOneCm":83,"stat.playOneMinute":26637,"stat.fallOneCm":79574,"stat.useItem.minecraft.wooden_sword":203,"stat.sneakTime":974,"stat.drop.minecraft.iron_chestplate":2,"stat.drop.minecraft.iron_boots":2,"stat.drop.minecraft.wooden_sword":1,"stat.damageDealt":2809,"stat.crouchOneCm":6048,"stat.breakItem.minecraft.iron_helmet":1,"stat.timeSinceDeath":2691,"stat.sprintOneCm":102474}