{"stat.walkOneCm":85746,"stat.pickup.minecraft.redstone_torch":1,"stat.leaveGame":3,"stat.mineBlock.minecraft.cobblestone":7,"stat.mineBlock.minecraft.coal_ore":181,"stat.talkedToVillager":30,"stat.pickup.minecraft.log":5,"stat.jump":508,"stat.swimOneCm":2239,"stat.pickup.minecraft.coal":208,"stat.fallOneCm":3084,"stat.drop.minecraft.cobblestone":9,"stat.crouchOneCm":18689,"stat.sprintOneCm":45409,"stat.pickup.minecraft.iron_ore":17,"stat.pickup.minecraft.wooden_pickaxe":1,"stat.damageTaken":99,"stat.craftItem.minecraft.stone_pickaxe":7,"stat.useItem.minecraft.wooden_pickaxe":251,"stat.tradedWithVillager":713,"stat.pickup.minecraft.cobblestone":73,"stat.mineBlock.minecraft.log":5,"stat.pickup.minecraft.gold_block":4,"stat.flyOneCm":42152,"stat.drop":2,"stat.mineBlock.minecraft.leaves":1,"stat.playOneMinute":37696,"stat.useItem.minecraft.stone_pickaxe":18,"stat.sneakTime":5780,"stat.mineBlock.minecraft.iron_ore":16,"stat.timeSinceDeath":37696,"stat.drop.minecraft.log":5,"stat.mineBlock.minecraft.stone":59,"stat.craftItem.minecraft.wooden_pickaxe":14}