{"stat.useItem.minecraft.stone":320,"stat.leaveGame":3,"stat.mineBlock.minecraft.cobblestone":60,"stat.breakItem.minecraft.wooden_sword":2,"stat.mineBlock.minecraft.gold_block":38,"stat.jump":707,"stat.swimOneCm":1438,"stat.pickup.minecraft.coal":597,"stat.fallOneCm":56671,"stat.drop.minecraft.cobblestone":1162,"stat.crouchOneCm":15900,"stat.pickup.minecraft.dirt":5,"stat.useItem.minecraft.dirt":8,"stat.useItem.minecraft.water_bucket":29,"stat.pickup.minecraft.iron_ore":98,"stat.drop.minecraft.gold_block":17,"stat.pickup.minecraft.wooden_pickaxe":1,"stat.drop.minecraft.double_plant":204,"stat.damageTaken":11437,"stat.drop.minecraft.iron_leggings":3,"stat.craftItem.minecraft.stone_pickaxe":9,"stat.useItem.minecraft.wooden_pickaxe":760,"stat.tradedWithVillager":422,"stat.pickup.minecraft.cobblestone":1262,"stat.pickup.minecraft.gold_block":22,"stat.flyOneCm":189630,"stat.drop.minecraft.iron_helmet":3,"stat.breakItem.minecraft.iron_leggings":1,"stat.useItem.minecraft.stone_pickaxe":327,"stat.damageDealt":1271,"stat.mineBlock.minecraft.iron_ore":135,"stat.timeSinceDeath":125149,"stat.mineBlock.minecraft.dirt":3,"stat.craftItem.minecraft.wooden_pickaxe":8,"stat.pickup.minecraft.ghast_tear":16,"stat.pickup.minecraft.double_plant":387,"stat.walkOneCm":371936,"stat.drop.minecraft.coal":534,"stat.playerKills":8,"stat.useItem.minecraft.cobblestone":60,"stat.mineBlock.minecraft.coal_ore":328,"stat.pickup.minecraft.wooden_button":3,"stat.talkedToVillager":61,"stat.drop.minecraft.iron_ore":80,"stat.breakItem.minecraft.iron_boots":1,"stat.useItem.minecraft.sea_lantern":50,"stat.drop.minecraft.iron_chestplate":3,"stat.breakItem.minecraft.iron_helmet":1,"stat.sprintOneCm":135969,"stat.breakItem.minecraft.iron_chestplate":1,"stat.useItem.minecraft.stone_slab":159,"stat.useItem.minecraft.diamond_pickaxe":910,"stat.deaths":18,"stat.drop":78,"stat.playOneMinute":149110,"stat.useItem.minecraft.wooden_sword":126,"stat.sneakTime":6263,"stat.drop.minecraft.iron_boots":3,"stat.craftItem.minecraft.diamond_pickaxe":23,"stat.drop.minecraft.ghast_tear":64,"stat.mineBlock.minecraft.stone":1348}