{"stat.pickup.minecraft.log":1,"stat.flyOneCm":27225,"stat.deaths":3,"stat.walkOneCm":9489,"stat.jump":111,"stat.swimOneCm":455,"stat.playOneMinute":6426,"stat.fallOneCm":27693,"stat.craftItem.minecraft.planks":4,"stat.leaveGame":1,"stat.sneakTime":580,"stat.damageTaken":2480,"stat.craftItem.minecraft.crafting_table":1,"stat.crouchOneCm":2944,"stat.timeSinceDeath":4728,"stat.sprintOneCm":21058,"stat.pickup.minecraft.cobblestone":7,"stat.mineBlock.minecraft.log":1,"stat.talkedToVillager":1,"stat.diveOneCm":713,"stat.pickup.minecraft.iron_ore":1}