{"stat.walkOneCm":70304,"stat.playerKills":6,"stat.craftItem.minecraft.planks":24,"stat.leaveGame":1,"stat.drop.minecraft.crafting_table":1,"stat.damageTaken":11445,"stat.craftItem.minecraft.crafting_table":1,"stat.drop.minecraft.stone_button":2,"stat.mineBlock.minecraft.log":6,"stat.pickup.minecraft.wooden_sword":1,"stat.pickup.minecraft.log":6,"stat.flyOneCm":64343,"stat.deaths":19,"stat.drop":6,"stat.jump":291,"stat.mineBlock.minecraft.leaves":1,"stat.swimOneCm":78,"stat.playOneMinute":17107,"stat.pickup.minecraft.stone_button":2,"stat.fallOneCm":76589,"stat.useItem.minecraft.wooden_sword":176,"stat.sneakTime":1398,"stat.drop.minecraft.planks":20,"stat.damageDealt":3347,"stat.drop.minecraft.wooden_sword":1,"stat.crouchOneCm":3392,"stat.timeSinceDeath":0,"stat.sprintOneCm":52100}