{
  "minecraft:story/lava_bucket": {
    "criteria": {
      "lava_bucket": "2017-09-29 08:45:32 +0000"
    },
    "done": true
  },
  "minecraft:recipes/building_blocks/oak_planks": {
    "criteria": {
      "has_log": "2017-09-29 08:43:09 +0000"
    },
    "done": true
  },
  "minecraft:recipes/building_blocks/nether_wart_block": {
    "criteria": {
      "has_nether_wart": "2017-09-29 08:43:09 +0000"
    },
    "done": true
  },
  "minecraft:recipes/building_blocks/red_nether_brick": {
    "criteria": {
      "has_nether_wart": "2017-09-29 08:43:09 +0000"
    },
    "done": true
  },
  "minecraft:adventure/adventuring_time": {
    "criteria": {
      "forest": "2017-09-29 08:45:18 +0000",
      "deep_ocean": "2017-09-29 08:42:42 +0000",
      "plains": "2017-09-29 08:45:35 +0000"
    },
    "done": false
  }
}