{
  "minecraft:recipes/building_blocks/oak_planks": {
    "criteria": {
      "has_log": "2017-09-30 01:06:56 +0000"
    },
    "done": true
  },
  "minecraft:recipes/building_blocks/nether_wart_block": {
    "criteria": {
      "has_nether_wart": "2017-09-30 01:06:59 +0000"
    },
    "done": true
  },
  "minecraft:recipes/decorations/chest": {
    "criteria": {
      "has_lots_of_items": "2017-09-30 01:10:07 +0000"
    },
    "done": true
  },
  "minecraft:recipes/building_blocks/red_nether_brick": {
    "criteria": {
      "has_nether_wart": "2017-09-30 01:06:59 +0000"
    },
    "done": true
  },
  "minecraft:recipes/misc/beacon": {
    "criteria": {
      "has_nether_star": "2017-09-30 01:10:00 +0000"
    },
    "done": true
  },
  "minecraft:recipes/redstone/trapped_chest": {
    "criteria": {
      "has_tripwire_hook": "2017-09-30 01:05:49 +0000"
    },
    "done": true
  },
  "minecraft:adventure/adventuring_time": {
    "criteria": {
      "deep_ocean": "2017-09-30 01:05:16 +0000",
      "beaches": "2017-09-30 01:08:44 +0000",
      "plains": "2017-09-30 02:44:12 +0000"
    },
    "done": false
  }
}