{
  "minecraft:recipes/food/bread": {
    "criteria": {
      "has_wheat": "2017-09-30 01:27:07 +0000"
    },
    "done": true
  },
  "minecraft:recipes/building_blocks/oak_planks": {
    "criteria": {
      "has_log": "2017-09-30 01:25:38 +0000"
    },
    "done": true
  },
  "minecraft:recipes/building_blocks/nether_wart_block": {
    "criteria": {
      "has_nether_wart": "2017-09-30 01:25:38 +0000"
    },
    "done": true
  },
  "minecraft:recipes/building_blocks/red_nether_brick": {
    "criteria": {
      "has_nether_wart": "2017-09-30 01:25:38 +0000"
    },
    "done": true
  },
  "minecraft:recipes/misc/beacon": {
    "criteria": {
      "has_nether_star": "2017-09-30 01:25:51 +0000"
    },
    "done": true
  },
  "minecraft:adventure/adventuring_time": {
    "criteria": {
      "forest": "2017-09-30 01:27:00 +0000",
      "deep_ocean": "2017-09-30 01:25:11 +0000",
      "plains": "2017-09-30 01:27:11 +0000"
    },
    "done": false
  }
}