{"stat.chestOpened":2,"stat.drop.minecraft.nether_wart":32,"stat.leaveGame":3,"stat.mineBlock.minecraft.cobblestone":2,"stat.mineBlock.minecraft.ice":1,"stat.jump":1237,"stat.swimOneCm":7775,"stat.crouchOneCm":4103,"stat.enderchestOpened":2,"stat.pickup.minecraft.dirt":7,"stat.useItem.minecraft.water_bucket":1,"stat.craftingTableInteraction":2,"stat.useItem.minecraft.sapling":1,"stat.damageTaken":240,"stat.craftItem.minecraft.stone_pickaxe":3,"stat.useItem.minecraft.wooden_pickaxe":41,"stat.pickup.minecraft.cobblestone":20,"stat.pickup.minecraft.planks":7,"stat.flyOneCm":228485,"stat.useItem.minecraft.stone_pickaxe":22,"stat.pickup.minecraft.cactus":881,"stat.damageDealt":224,"stat.timeSinceDeath":62272,"stat.mineBlock.minecraft.dirt":8,"stat.useItem.minecraft.crafting_table":1,"stat.craftItem.minecraft.wooden_pickaxe":1,"stat.walkOneCm":141749,"stat.pickup.minecraft.nether_wart":64,"stat.craftItem.minecraft.crafting_table":1,"stat.useItem.minecraft.lava_bucket":2,"stat.pickup.minecraft.log":10,"stat.drop.minecraft.cactus":230,"stat.pickup.minecraft.sapling":5,"stat.sprintOneCm":96365,"stat.craftItem.minecraft.stick":8,"stat.useItem.minecraft.ice":1,"stat.craftItem.minecraft.planks":40,"stat.mineBlock.minecraft.log":10,"stat.useItem.minecraft.bucket":2,"stat.deaths":1,"stat.drop":7,"stat.mineBlock.minecraft.leaves":3,"stat.playOneMinute":70344,"stat.sneakTime":1659,"stat.mineBlock.minecraft.stone":22,"stat.diveOneCm":1020,"stat.breakItem.minecraft.wooden_pickaxe":1}