{"stat.chestOpened":6,"stat.walkOneCm":24295,"stat.drop.minecraft.wooden_pickaxe":1,"stat.leaveGame":5,"stat.mineBlock.minecraft.cobblestone":32,"stat.mineBlock.minecraft.ice":1,"stat.craftItem.minecraft.crafting_table":1,"stat.useItem.minecraft.lava_bucket":1,"stat.drop.minecraft.red_flower":1,"stat.pickup.minecraft.log":14,"stat.jump":82,"stat.fallOneCm":209,"stat.useItem.minecraft.stone_axe":11,"stat.crouchOneCm":4612,"stat.enderchestOpened":3,"stat.pickup.minecraft.sapling":10,"stat.pickup.minecraft.dirt":2,"stat.useItem.minecraft.dirt":2,"stat.sprintOneCm":9775,"stat.craftItem.minecraft.stick":8,"stat.craftItem.minecraft.wooden_axe":1,"stat.craftingTableInteraction":2,"stat.useItem.minecraft.sapling":4,"stat.useItem.minecraft.ice":1,"stat.craftItem.minecraft.planks":20,"stat.craftItem.minecraft.stone_axe":1,"stat.damageTaken":90,"stat.mineBlock.minecraft.red_flower":1,"stat.craftItem.minecraft.stone_pickaxe":1,"stat.useItem.minecraft.wooden_pickaxe":37,"stat.pickup.minecraft.cobblestone":28,"stat.mineBlock.minecraft.log":14,"stat.flyOneCm":11896,"stat.pickup.minecraft.wheat_seeds":1,"stat.drop":4,"stat.mineBlock.minecraft.leaves":2,"stat.playOneMinute":14238,"stat.drop.minecraft.wheat_seeds":1,"stat.pickup.minecraft.red_flower":1,"stat.sneakTime":1171,"stat.damageDealt":45,"stat.timeSinceDeath":14238,"stat.useItem.minecraft.crafting_table":1,"stat.mineBlock.minecraft.dirt":5,"stat.craftItem.minecraft.wooden_pickaxe":1,"stat.mineBlock.minecraft.stone":1,"stat.mineBlock.minecraft.tallgrass":12,"stat.drop.minecraft.wooden_axe":1}