{"stat.chestOpened":1,"stat.walkOneCm":35242,"stat.leaveGame":2,"stat.damageTaken":176,"stat.useItem.minecraft.diamond_pickaxe":401,"stat.pickup.minecraft.cobblestone":337,"stat.drop.minecraft.nether_star":1,"stat.flyOneCm":45750,"stat.drop":1,"stat.jump":174,"stat.playOneMinute":17894,"stat.sneakTime":654,"stat.pickup.minecraft.nether_star":1,"stat.crouchOneCm":2789,"stat.enderchestOpened":7,"stat.timeSinceDeath":17894,"stat.sprintOneCm":35861,"stat.mineBlock.minecraft.stone":401,"stat.pickup.minecraft.cooked_beef":64}