{"stat.chestOpened":8,"stat.walkOneCm":12722,"stat.useItem.minecraft.bread":1,"stat.craftItem.minecraft.planks":512,"stat.craftItem.minecraft.stone_axe":1,"stat.leaveGame":1,"stat.damageTaken":30,"stat.craftItem.minecraft.crafting_table":1,"stat.furnaceInteraction":2,"stat.craftItem.minecraft.stone_pickaxe":1,"stat.useItem.minecraft.wooden_pickaxe":35,"stat.pickup.minecraft.cobblestone":35,"stat.pickup.minecraft.reeds":4,"stat.craftItem.minecraft.stone_sword":1,"stat.flyOneCm":11036,"stat.pickup.minecraft.wheat_seeds":13,"stat.jump":63,"stat.swimOneCm":458,"stat.playOneMinute":9515,"stat.useItem.minecraft.planks":45,"stat.sneakTime":873,"stat.craftItem.minecraft.bread":2,"stat.crouchOneCm":4464,"stat.enderchestOpened":2,"stat.timeSinceDeath":9515,"stat.useItem.minecraft.crafting_table":1,"stat.sprintOneCm":15812,"stat.craftItem.minecraft.wooden_pickaxe":1,"stat.mineBlock.minecraft.stone":35,"stat.craftItem.minecraft.stick":12,"stat.pickup.minecraft.wheat":8,"stat.craftingTableInteraction":4}