{"stat.drop.minecraft.stone_pickaxe":1,"stat.leaveGame":4,"stat.mineBlock.minecraft.cobblestone":351,"stat.pickup.minecraft.stone_pickaxe":1,"stat.useItem.minecraft.soul_sand":133,"stat.swimOneCm":15004,"stat.useItem.minecraft.planks":86,"stat.climbOneCm":35,"stat.useItem.minecraft.dirt":7,"stat.useItem.minecraft.water_bucket":31,"stat.pickup.minecraft.sand":3,"stat.craftItem.minecraft.furnace":1,"stat.useItem.minecraft.egg":2,"stat.craftItem.minecraft.stone_axe":1,"stat.craftItem.minecraft.stone_pickaxe":2,"stat.pickup.minecraft.cobblestone":290,"stat.flyOneCm":617919,"stat.pickup.minecraft.soul_sand":128,"stat.mineBlock.minecraft.sand":6,"stat.pickup.minecraft.cactus":13208,"stat.timeSinceDeath":168341,"stat.hopperInspected":6,"stat.craftItem.minecraft.wooden_pickaxe":1,"stat.trappedChestTriggered":26,"stat.mineBlock.minecraft.vine":5,"stat.mineBlock.minecraft.hopper":1,"stat.pickup.minecraft.nether_wart":2879,"stat.furnaceInteraction":25,"stat.useItem.minecraft.nether_wart":1022,"stat.drop.minecraft.red_flower":2,"stat.sprintOneCm":208716,"stat.useItem.minecraft.fence":59,"stat.craftItem.minecraft.stick":124,"stat.craftItem.minecraft.wooden_axe":1,"stat.useItem.minecraft.ice":2,"stat.craftItem.minecraft.stone":18,"stat.mineBlock.minecraft.fence":2,"stat.useItem.minecraft.diamond_pickaxe":463,"stat.useItem.minecraft.hopper":3,"stat.useItem.minecraft.bucket":37,"stat.mineBlock.minecraft.planks":25,"stat.drop":9,"stat.pickup.minecraft.egg":2,"stat.playOneMinute":168341,"stat.mineBlock.minecraft.tallgrass":17,"stat.diveOneCm":4904,"stat.pickup.minecraft.wheat":4,"stat.chestOpened":108,"stat.drop.minecraft.nether_wart":192,"stat.useItem.minecraft.stone":252,"stat.pickup.minecraft.gravel":1,"stat.mineBlock.minecraft.ice":2,"stat.useItem.minecraft.packed_ice":349,"stat.jump":656,"stat.useItem.minecraft.sand":76,"stat.pickup.minecraft.fence":2,"stat.fallOneCm":27906,"stat.useItem.minecraft.stone_axe":23,"stat.crouchOneCm":18953,"stat.mineBlock.minecraft.chest":2,"stat.craftItem.minecraft.chest":6,"stat.pickup.minecraft.dirt":9,"stat.pickup.minecraft.red_mushroom":6,"stat.craftItem.minecraft.hopper":3,"stat.craftingTableInteraction":17,"stat.damageTaken":195,"stat.pickup.minecraft.feather":2,"stat.mineBlock.minecraft.red_flower":2,"stat.useItem.minecraft.reeds":25,"stat.useItem.minecraft.wooden_pickaxe":6,"stat.useItem.minecraft.furnace":1,"stat.drop.minecraft.water_bucket":3,"stat.pickup.minecraft.planks":22,"stat.pickup.minecraft.reeds":832,"stat.pickup.minecraft.wheat_seeds":12,"stat.mineBlock.minecraft.gravel":1,"stat.useItem.minecraft.stone_pickaxe":168,"stat.damageDealt":40,"stat.mineBlock.minecraft.dirt":13,"stat.useItem.minecraft.crafting_table":1,"stat.walkOneCm":386312,"stat.useItem.minecraft.chest":3,"stat.pickup.minecraft.diamond_pickaxe":1,"stat.useItem.minecraft.cobblestone":13,"stat.craftItem.minecraft.crafting_table":1,"stat.useItem.minecraft.lava_bucket":5,"stat.breakItem.minecraft.stone_pickaxe":1,"stat.pickup.minecraft.log":5,"stat.pickup.minecraft.chicken":1,"stat.pickup.minecraft.sapling":5,"stat.mineBlock.minecraft.packed_ice":10,"stat.useItem.minecraft.cactus":57,"stat.pickup.minecraft.cooked_beef":64,"stat.craftItem.minecraft.bucket":1,"stat.craftItem.minecraft.planks":588,"stat.killEntity.Chicken":1,"stat.mobKills":1,"stat.mineBlock.minecraft.log":5,"stat.craftItem.minecraft.fence":75,"stat.pickup.minecraft.water_bucket":1,"stat.pickup.minecraft.red_flower":3,"stat.sneakTime":8037,"stat.useItem.minecraft.wooden_axe":5,"stat.mineBlock.minecraft.stone":260,"stat.pickup.minecraft.chest":2}