{"stat.chestOpened":1,"stat.drop.minecraft.potion":3,"stat.drop.minecraft.bow":1,"stat.walkOneCm":38804,"stat.leaveGame":2,"stat.drop.minecraft.double_plant":1,"stat.damageTaken":1220,"stat.drop.minecraft.dirt":5,"stat.useItem.minecraft.lava_bucket":1,"stat.drop.minecraft.lava_bucket":21,"stat.drop.minecraft.spawn_egg":17,"stat.flyOneCm":23345,"stat.deaths":2,"stat.drop":35,"stat.swimOneCm":8402,"stat.jump":32,"stat.playOneMinute":49054,"stat.sneakTime":477,"stat.drop.minecraft.diamond_sword":1,"stat.drop.minecraft.bucket":1,"stat.drop.minecraft.sapling":28,"stat.crouchOneCm":2230,"stat.drop.minecraft.arrow":64,"stat.timeSinceDeath":37480,"stat.drop.minecraft.iron_ingot":36,"stat.sprintOneCm":10123,"stat.drop.minecraft.diamond":12,"stat.drop.minecraft.grass":59,"stat.diveOneCm":50520}