{"stat.chestOpened":16,"stat.craftItem.minecraft.sign":12,"stat.pickup.minecraft.sign":8,"stat.leaveGame":3,"stat.mineBlock.minecraft.ice":2,"stat.useItem.minecraft.soul_sand":206,"stat.breakItem.minecraft.wooden_axe":1,"stat.killEntity.Blaze":2,"stat.useItem.minecraft.packed_ice":98,"stat.jump":1070,"stat.swimOneCm":42045,"stat.useItem.minecraft.sand":88,"stat.useItem.minecraft.planks":128,"stat.drop.minecraft.cobblestone":1,"stat.crouchOneCm":19332,"stat.enderchestOpened":2,"stat.pickup.minecraft.dirt":5,"stat.useItem.minecraft.water_bucket":20,"stat.craftingTableInteraction":4,"stat.pickup.minecraft.sand":20,"stat.damageTaken":90,"stat.pickup.minecraft.bucket":2,"stat.useItem.minecraft.reeds":102,"stat.useItem.minecraft.wooden_pickaxe":22,"stat.pickup.minecraft.cobblestone":7,"stat.pickup.minecraft.planks":6,"stat.pickup.minecraft.reeds":904,"stat.flyOneCm":499074,"stat.pickup.minecraft.soul_sand":30,"stat.mineBlock.minecraft.sand":20,"stat.pickup.minecraft.cactus":5,"stat.damageDealt":647,"stat.timeSinceDeath":91077,"stat.craftItem.minecraft.blaze_powder":2,"stat.mineBlock.minecraft.dirt":6,"stat.useItem.minecraft.crafting_table":1,"stat.useItem.minecraft.sign":10,"stat.drop.minecraft.reeds":5,"stat.craftItem.minecraft.wooden_pickaxe":1,"stat.walkOneCm":126522,"stat.pickup.minecraft.nether_wart":1473,"stat.useItem.minecraft.nether_wart":330,"stat.craftItem.minecraft.crafting_table":1,"stat.useItem.minecraft.lava_bucket":1,"stat.pickup.minecraft.log":32,"stat.mineBlock.minecraft.packed_ice":2,"stat.sprintOneCm":163927,"stat.useItem.minecraft.cactus":1,"stat.craftItem.minecraft.stick":16,"stat.craftItem.minecraft.wooden_axe":1,"stat.useItem.minecraft.ice":2,"stat.mineBlock.minecraft.cactus":2,"stat.craftItem.minecraft.planks":512,"stat.useItem.minecraft.wooden_shovel":25,"stat.mobKills":2,"stat.mineBlock.minecraft.soul_sand":51,"stat.useItem.minecraft.bucket":21,"stat.mineBlock.minecraft.planks":9,"stat.drop":8,"stat.playOneMinute":91077,"stat.craftItem.minecraft.wooden_shovel":1,"stat.pickup.minecraft.blaze_rod":1,"stat.sneakTime":7195,"stat.drop.minecraft.bucket":2,"stat.useItem.minecraft.wooden_axe":35}