{"stat.chestOpened":21,"stat.pickup.minecraft.tripwire_hook":30,"stat.drop.minecraft.nether_wart":121,"stat.useItem.minecraft.chain_command_block":3,"stat.useItem.minecraft.sticky_piston":2,"stat.pickup.minecraft.sign":2,"stat.useItem.minecraft.stone":40,"stat.leaveGame":11,"stat.useItem.minecraft.log2":2,"stat.useItem.minecraft.diamond_axe":818,"stat.useItem.minecraft.soul_sand":1,"stat.useItem.minecraft.ender_chest":1,"stat.useItem.minecraft.repeating_command_block":2,"stat.killEntity.Blaze":13,"stat.useItem.minecraft.glowstone":2,"stat.swimOneCm":9870,"stat.jump":683,"stat.useItem.minecraft.sand":53,"stat.pickup.minecraft.fence":4,"stat.useItem.minecraft.planks":601,"stat.fallOneCm":10460,"stat.crouchOneCm":16640,"stat.useItem.minecraft.mob_spawner":4,"stat.useItem.minecraft.water_bucket":30,"stat.craftingTableInteraction":1,"stat.pickup.minecraft.sand":1,"stat.damageTaken":1040,"stat.pickup.minecraft.cobblestone":103,"stat.pickup.minecraft.planks":74,"stat.flyOneCm":650857,"stat.mineBlock.minecraft.sand":1,"stat.pickup.minecraft.diamond_axe":1,"stat.craftItem.minecraft.wooden_slab":6,"stat.pickup.minecraft.cactus":1575,"stat.pickup.minecraft.mob_spawner":1,"stat.damageDealt":2690,"stat.timeSinceDeath":109412,"stat.hopperInspected":4,"stat.useItem.minecraft.sign":43,"stat.useItem.minecraft.wooden_slab":2,"stat.useItem.minecraft.command_block":10,"stat.walkOneCm":285378,"stat.useItem.minecraft.torch":8,"stat.trappedChestTriggered":2,"stat.useItem.minecraft.chest":5,"stat.drop.minecraft.item_frame":1,"stat.useItem.minecraft.lever":2,"stat.mineBlock.minecraft.hopper":2,"stat.useItem.minecraft.log":9,"stat.pickup.minecraft.nether_wart":9516,"stat.useItem.minecraft.comparator":2,"stat.useItem.minecraft.nether_wart":297,"stat.drop.minecraft.diamond_axe":2,"stat.useItem.minecraft.redstone_block":1,"stat.useItem.minecraft.item_frame":19,"stat.useItem.minecraft.redstone":5,"stat.drop.minecraft.cactus":1167,"stat.sprintOneCm":160763,"stat.useItem.minecraft.fence":7,"stat.pickup.minecraft.cooked_beef":64,"stat.useItem.minecraft.cactus":48,"stat.useItem.minecraft.stone_slab":11,"stat.craftItem.minecraft.planks":256,"stat.useItem.minecraft.barrier":9,"stat.mineBlock.minecraft.fence":4,"stat.useItem.minecraft.diamond_pickaxe":106,"stat.useItem.minecraft.hopper":22,"stat.mobKills":13,"stat.useItem.minecraft.bucket":12,"stat.pickup.minecraft.lever":1,"stat.deaths":1,"stat.mineBlock.minecraft.planks":232,"stat.drop":23,"stat.playOneMinute":350445,"stat.pickup.minecraft.blaze_rod":7,"stat.sneakTime":4927,"stat.pickup.minecraft.item_frame":1,"stat.useItem.minecraft.birch_stairs":86,"stat.mineBlock.minecraft.stone":103,"stat.diveOneCm":22777}