{"stat.walkOneCm":49878,"stat.craftItem.minecraft.planks":208,"stat.leaveGame":2,"stat.useItem.minecraft.log":52,"stat.pickup.minecraft.nether_wart":210,"stat.damageTaken":80,"stat.useItem.minecraft.nether_wart":144,"stat.useItem.minecraft.soul_sand":78,"stat.mobKills":1,"stat.killEntity.Blaze":1,"stat.mineBlock.minecraft.log":4,"stat.mineBlock.minecraft.soul_sand":6,"stat.pickup.minecraft.log":4,"stat.flyOneCm":30843,"stat.pickup.minecraft.soul_sand":2,"stat.jump":209,"stat.playOneMinute":14469,"stat.fallOneCm":411485,"stat.useItem.minecraft.planks":25,"stat.sneakTime":2570,"stat.damageDealt":313,"stat.crouchOneCm":9663,"stat.timeSinceDeath":14469,"stat.sprintOneCm":43158}