{"stat.chestOpened":29,"stat.pickup.minecraft.pumpkin":3211,"stat.pickup.minecraft.bone":1,"stat.pickup.minecraft.wooden_slab":36,"stat.pickup.minecraft.sign":3,"stat.leaveGame":5,"stat.mineBlock.minecraft.pumpkin":3251,"stat.mineBlock.minecraft.ice":2,"stat.useItem.minecraft.diamond_axe":3137,"stat.drop.minecraft.leather_helmet":1,"stat.useItem.minecraft.soul_sand":1,"stat.pickup.minecraft.leather_chestplate":1,"stat.breakItem.minecraft.wooden_axe":2,"stat.killEntity.Blaze":2,"stat.useItem.minecraft.sand":1,"stat.swimOneCm":26286,"stat.jump":269,"stat.useItem.minecraft.wooden_hoe":36,"stat.fallOneCm":4276,"stat.pickup.minecraft.melon_seeds":4,"stat.crouchOneCm":7933,"stat.mineBlock.minecraft.chest":1,"stat.pickup.minecraft.sticky_piston":1,"stat.pickup.minecraft.dirt":15,"stat.useItem.minecraft.dirt":7,"stat.pickup.minecraft.red_mushroom":1,"stat.pickup.minecraft.melon":16,"stat.useItem.minecraft.water_bucket":4,"stat.craftingTableInteraction":6,"stat.pickup.minecraft.sand":2,"stat.pickup.minecraft.leather":1,"stat.mineBlock.minecraft.melon_block":2,"stat.mineBlock.minecraft.torch":5,"stat.useItem.minecraft.reeds":1,"stat.mineBlock.minecraft.wooden_slab":7,"stat.pickup.minecraft.leather_boots":1,"stat.pickup.minecraft.reeds":4,"stat.flyOneCm":9570,"stat.pickup.minecraft.soul_sand":257,"stat.pickup.minecraft.brown_mushroom":1,"stat.mineBlock.minecraft.sand":2,"stat.craftItem.minecraft.wooden_slab":384,"stat.drop.minecraft.soul_sand":128,"stat.pickup.minecraft.cactus":7,"stat.craftItem.minecraft.wooden_hoe":1,"stat.damageDealt":487,"stat.breakItem.minecraft.diamond_axe":2,"stat.timeSinceDeath":91919,"stat.killEntity.Cow":1,"stat.mineBlock.minecraft.dirt":15,"stat.useItem.minecraft.crafting_table":2,"stat.drop.minecraft.log":6,"stat.useItem.minecraft.wooden_slab":42,"stat.walkOneCm":239259,"stat.useItem.minecraft.torch":7,"stat.useItem.minecraft.chest":1,"stat.useItem.minecraft.pumpkin":1,"stat.pickup.minecraft.crafting_table":1,"stat.pickup.minecraft.nether_wart":127,"stat.craftItem.minecraft.crafting_table":1,"stat.useItem.minecraft.pumpkin_seeds":57,"stat.craftItem.minecraft.pumpkin_seeds":52,"stat.useItem.minecraft.lava_bucket":1,"stat.pickup.minecraft.log":76,"stat.pickup.minecraft.beef":1,"stat.pickup.minecraft.nether_star":1,"stat.pickup.minecraft.leather_helmet":2,"stat.pickup.minecraft.sapling":4,"stat.sprintOneCm":295414,"stat.drop.minecraft.wooden_slab":64,"stat.useItem.minecraft.cactus":1,"stat.pickup.minecraft.cooked_beef":128,"stat.craftItem.minecraft.stick":12,"stat.craftItem.minecraft.wooden_axe":3,"stat.drop.minecraft.pumpkin_seeds":104,"stat.useItem.minecraft.ice":2,"stat.mineBlock.minecraft.cactus":2,"stat.craftItem.minecraft.planks":256,"stat.mineBlock.minecraft.crafting_table":1,"stat.pickup.minecraft.bread":1,"stat.pickup.minecraft.pumpkin_seeds":163,"stat.mobKills":3,"stat.pickup.minecraft.leather_leggings":1,"stat.mineBlock.minecraft.log":6,"stat.mineBlock.minecraft.soul_sand":1,"stat.useItem.minecraft.bucket":4,"stat.drop":8,"stat.craftItem.minecraft.melon_seeds":1,"stat.playOneMinute":91919,"stat.pickup.minecraft.blaze_rod":1,"stat.pickup.minecraft.torch":5,"stat.sneakTime":2583,"stat.drop.minecraft.blaze_rod":1,"stat.useItem.minecraft.melon_seeds":1,"stat.useItem.minecraft.wooden_axe":173,"stat.craftItem.minecraft.diamond_axe":2,"stat.pickup.minecraft.wheat":1,"stat.pickup.minecraft.chest":1}