{"stat.chestOpened":8,"stat.flyOneCm":13726,"stat.walkOneCm":26736,"stat.jump":147,"stat.useItem.minecraft.ice":2,"stat.swimOneCm":162,"stat.playOneMinute":34517,"stat.useItem.minecraft.planks":113,"stat.craftItem.minecraft.planks":512,"stat.useItem.minecraft.milk_bucket":1,"stat.sneakTime":2685,"stat.damageDealt":40,"stat.mineBlock.minecraft.ice":2,"stat.crouchOneCm":14085,"stat.enderchestOpened":1,"stat.timeSinceDeath":34517,"stat.pickup.minecraft.dirt":6,"stat.useItem.minecraft.lava_bucket":3,"stat.useItem.minecraft.dirt":5,"stat.sprintOneCm":23965,"stat.mineBlock.minecraft.dirt":7,"stat.useItem.minecraft.bucket":3,"stat.useItem.minecraft.water_bucket":1}