{"stat.chestOpened":3,"stat.flyOneCm":2465,"stat.deaths":1,"stat.walkOneCm":5435,"stat.drop":2,"stat.jump":22,"stat.swimOneCm":230,"stat.playOneMinute":2968,"stat.leaveGame":1,"stat.sneakTime":469,"stat.damageTaken":280,"stat.mineBlock.minecraft.ice":1,"stat.damageDealt":10,"stat.crouchOneCm":760,"stat.enderchestOpened":1,"stat.drop.minecraft.dirt":2,"stat.timeSinceDeath":255,"stat.pickup.minecraft.dirt":4,"stat.useItem.minecraft.dirt":2,"stat.sprintOneCm":7199,"stat.mineBlock.minecraft.dirt":4}