{"stat.chestOpened":2,"stat.walkOneCm":19904,"stat.useItem.minecraft.ice":1,"stat.useItem.minecraft.sapling":1,"stat.craftItem.minecraft.planks":520,"stat.leaveGame":1,"stat.damageTaken":560,"stat.mineBlock.minecraft.ice":1,"stat.useItem.minecraft.cobblestone":1,"stat.craftItem.minecraft.crafting_table":1,"stat.mineBlock.minecraft.red_flower":3,"stat.useItem.minecraft.wooden_pickaxe":1,"stat.pickup.minecraft.cobblestone":1,"stat.mineBlock.minecraft.log":12,"stat.pickup.minecraft.log":12,"stat.flyOneCm":2094,"stat.deaths":2,"stat.pickup.minecraft.wheat_seeds":1,"stat.jump":17,"stat.swimOneCm":1202,"stat.playOneMinute":8804,"stat.useItem.minecraft.planks":7,"stat.climbOneCm":289,"stat.pickup.minecraft.red_flower":3,"stat.sneakTime":602,"stat.damageDealt":10,"stat.crouchOneCm":351,"stat.enderchestOpened":2,"stat.timeSinceDeath":1331,"stat.pickup.minecraft.sapling":5,"stat.pickup.minecraft.dirt":3,"stat.sprintOneCm":2889,"stat.mineBlock.minecraft.dirt":3,"stat.useItem.minecraft.crafting_table":1,"stat.craftItem.minecraft.wooden_pickaxe":1,"stat.mineBlock.minecraft.stone":1,"stat.mineBlock.minecraft.tallgrass":18,"stat.pickup.minecraft.apple":1,"stat.pickup.minecraft.wheat":2,"stat.craftItem.minecraft.stick":4,"stat.craftingTableInteraction":1}