{"stat.walkOneCm":37768,"stat.craftItem.minecraft.planks":256,"stat.leaveGame":1,"stat.useItem.minecraft.log":24,"stat.pickup.minecraft.nether_wart":516,"stat.damageTaken":266,"stat.useItem.minecraft.nether_wart":248,"stat.useItem.minecraft.soul_sand":129,"stat.mineBlock.minecraft.soul_sand":5,"stat.pickup.minecraft.planks":227,"stat.pickup.minecraft.log":40,"stat.flyOneCm":10315,"stat.mineBlock.minecraft.planks":3,"stat.pickup.minecraft.soul_sand":75,"stat.deaths":1,"stat.jump":57,"stat.playOneMinute":9498,"stat.useItem.minecraft.planks":99,"stat.fallOneCm":6248,"stat.sneakTime":2778,"stat.crouchOneCm":14556,"stat.pickup.minecraft.nether_star":1,"stat.enderchestOpened":2,"stat.timeSinceDeath":6103,"stat.sprintOneCm":27524,"stat.pickup.minecraft.cooked_beef":128}