{"stat.chestOpened":3,"stat.pickup.minecraft.log":3,"stat.walkOneCm":1483,"stat.jump":1,"stat.useItem.minecraft.ice":1,"stat.playOneMinute":3254,"stat.craftItem.minecraft.planks":4,"stat.leaveGame":1,"stat.sneakTime":938,"stat.craftItem.minecraft.crafting_table":1,"stat.crouchOneCm":1812,"stat.timeSinceDeath":3254,"stat.useItem.minecraft.lava_bucket":1,"stat.pickup.minecraft.dirt":1,"stat.sprintOneCm":139,"stat.useItem.minecraft.crafting_table":1,"stat.mineBlock.minecraft.dirt":5,"stat.mineBlock.minecraft.log":3}