{"stat.chestOpened":2,"stat.drop.minecraft.stone_pickaxe":1,"stat.drop.minecraft.nether_wart":975,"stat.pickup.minecraft.sign":1,"stat.useItem.minecraft.stone":28,"stat.leaveGame":4,"stat.mineBlock.minecraft.ice":1,"stat.pickup.minecraft.stone_pickaxe":1,"stat.swimOneCm":169,"stat.jump":699,"stat.useItem.minecraft.planks":465,"stat.mineBlock.minecraft.web":3,"stat.useItem.minecraft.stone_axe":56,"stat.crouchOneCm":28208,"stat.mineBlock.minecraft.chest":2,"stat.enderchestOpened":6,"stat.craftItem.minecraft.iron_ingot":4,"stat.pickup.minecraft.dirt":25,"stat.useItem.minecraft.dirt":18,"stat.craftingTableInteraction":9,"stat.pickup.minecraft.iron_ore":5,"stat.pickup.minecraft.sand":1,"stat.craftItem.minecraft.furnace":1,"stat.craftItem.minecraft.stone_axe":2,"stat.craftItem.minecraft.iron_boots":1,"stat.damageTaken":276,"stat.useItem.minecraft.iron_ore":1,"stat.craftItem.minecraft.stone_pickaxe":1,"stat.useItem.minecraft.wooden_pickaxe":45,"stat.useItem.minecraft.furnace":1,"stat.pickup.minecraft.cobblestone":77,"stat.pickup.minecraft.planks":39,"stat.craftItem.minecraft.stone_sword":1,"stat.flyOneCm":95775,"stat.mineBlock.minecraft.sand":3,"stat.useItem.minecraft.stone_pickaxe":26,"stat.drop.minecraft.soul_sand":6,"stat.useItem.minecraft.stone_sword":3,"stat.damageDealt":10,"stat.mineBlock.minecraft.iron_ore":6,"stat.timeSinceDeath":93354,"stat.mineBlock.minecraft.dirt":46,"stat.useItem.minecraft.crafting_table":2,"stat.drop.minecraft.log":192,"stat.craftItem.minecraft.wooden_pickaxe":1,"stat.walkOneCm":164723,"stat.useItem.minecraft.chest":1,"stat.pickup.minecraft.nether_wart":111,"stat.pickup.minecraft.crafting_table":1,"stat.useItem.minecraft.cobblestone":3,"stat.craftItem.minecraft.crafting_table":1,"stat.furnaceInteraction":19,"stat.pickup.minecraft.log":6,"stat.drop.minecraft.log2":64,"stat.drop.minecraft.planks":15,"stat.pickup.minecraft.stone":1,"stat.pickup.minecraft.sapling":2,"stat.sprintOneCm":147641,"stat.craftItem.minecraft.stick":20,"stat.craftItem.minecraft.planks":2200,"stat.craftItem.minecraft.stone":29,"stat.mineBlock.minecraft.crafting_table":1,"stat.mineBlock.minecraft.log":6,"stat.mineBlock.minecraft.planks":55,"stat.deaths":1,"stat.drop":91,"stat.playOneMinute":113821,"stat.sneakTime":8922,"stat.drop.minecraft.stone_axe":1,"stat.mineBlock.minecraft.stone":21,"stat.pickup.minecraft.chest":1}