{"stat.chestOpened":1,"stat.pickup.minecraft.sand":1,"stat.walkOneCm":41899,"stat.mineBlock.minecraft.cactus":2,"stat.craftItem.minecraft.planks":20,"stat.leaveGame":1,"stat.pickup.minecraft.nether_wart":51,"stat.damageTaken":20,"stat.useItem.minecraft.cobblestone":18,"stat.useItem.minecraft.diamond_axe":6,"stat.craftItem.minecraft.crafting_table":1,"stat.useItem.minecraft.nether_wart":13,"stat.useItem.minecraft.diamond_pickaxe":309,"stat.mineBlock.minecraft.red_flower":1,"stat.useItem.minecraft.soul_sand":10,"stat.pickup.minecraft.cobblestone":246,"stat.mineBlock.minecraft.log":5,"stat.mineBlock.minecraft.soul_sand":10,"stat.pickup.minecraft.log":5,"stat.flyOneCm":20826,"stat.pickup.minecraft.soul_sand":8,"stat.drop":1,"stat.pickup.minecraft.wheat_seeds":1,"stat.jump":151,"stat.useItem.minecraft.sand":2,"stat.mineBlock.minecraft.sand":1,"stat.playOneMinute":14206,"stat.fallOneCm":3798,"stat.pickup.minecraft.red_flower":1,"stat.pickup.minecraft.cactus":7,"stat.drop.minecraft.sapling":1,"stat.timeSinceDeath":14206,"stat.pickup.minecraft.sapling":4,"stat.sprintOneCm":22268,"stat.useItem.minecraft.crafting_table":1,"stat.mineBlock.minecraft.stone":309,"stat.mineBlock.minecraft.tallgrass":9,"stat.useItem.minecraft.cactus":1,"stat.craftItem.minecraft.stick":8,"stat.craftingTableInteraction":2}