{"stat.mineBlock.minecraft.oak_stairs":2,"stat.flyOneCm":7433,"stat.walkOneCm":19132,"stat.jump":81,"stat.playOneMinute":17199,"stat.fallOneCm":627,"stat.craftItem.minecraft.planks":128,"stat.leaveGame":1,"stat.sneakTime":1695,"stat.useItem.minecraft.log":8,"stat.useItem.minecraft.oak_stairs":34,"stat.craftItem.minecraft.crafting_table":1,"stat.crouchOneCm":5693,"stat.enderchestOpened":4,"stat.timeSinceDeath":17199,"stat.craftItem.minecraft.oak_stairs":80,"stat.sprintOneCm":7886,"stat.useItem.minecraft.crafting_table":1,"stat.craftingTableInteraction":1}