{"stat.chestOpened":115,"stat.drop.minecraft.stone_pickaxe":1,"stat.craftItem.minecraft.sign":51,"stat.pickup.minecraft.sign":9,"stat.leaveGame":3,"stat.mineBlock.minecraft.cobblestone":117,"stat.pickup.minecraft.stone_pickaxe":1,"stat.mineBlock.minecraft.ice":2,"stat.useItem.minecraft.soul_sand":41,"stat.pickup.minecraft.obsidian":1,"stat.useItem.minecraft.sand":1,"stat.jump":873,"stat.swimOneCm":1544,"stat.fallOneCm":5033,"stat.drop.minecraft.cobblestone":6,"stat.useItem.minecraft.stone_axe":65,"stat.crouchOneCm":57940,"stat.enderchestOpened":10,"stat.mineBlock.minecraft.chest":1,"stat.craftItem.minecraft.chest":52,"stat.pickup.minecraft.dirt":66,"stat.useItem.minecraft.dirt":34,"stat.craftItem.minecraft.hopper":1,"stat.useItem.minecraft.water_bucket":2,"stat.craftingTableInteraction":27,"stat.pickup.minecraft.sand":4,"stat.useItem.minecraft.sapling":10,"stat.craftItem.minecraft.stone_axe":1,"stat.pickup.minecraft.leather":2,"stat.craftItem.minecraft.stone_pickaxe":1,"stat.mineBlock.minecraft.obsidian":2,"stat.pickup.minecraft.cobblestone":1161,"stat.useItem.minecraft.stone_shovel":69,"stat.flyOneCm":120056,"stat.pickup.minecraft.soul_sand":1,"stat.mineBlock.minecraft.sand":4,"stat.useItem.minecraft.stone_pickaxe":134,"stat.damageDealt":100,"stat.timeSinceDeath":123794,"stat.hopperInspected":1,"stat.killEntity.Cow":1,"stat.useItem.minecraft.crafting_table":2,"stat.mineBlock.minecraft.dirt":66,"stat.useItem.minecraft.sign":16,"stat.craftItem.minecraft.stone_slab":180,"stat.craftItem.minecraft.stone_shovel":1,"stat.walkOneCm":274519,"stat.useItem.minecraft.chest":52,"stat.pickup.minecraft.crafting_table":1,"stat.pickup.minecraft.nether_wart":1153,"stat.useItem.minecraft.cobblestone":505,"stat.craftItem.minecraft.crafting_table":1,"stat.useItem.minecraft.nether_wart":240,"stat.useItem.minecraft.lava_bucket":2,"stat.pickup.minecraft.log":54,"stat.pickup.minecraft.beef":2,"stat.pickup.minecraft.sapling":27,"stat.sprintOneCm":138311,"stat.mineBlock.minecraft.stone_slab":24,"stat.pickup.minecraft.apple":2,"stat.craftItem.minecraft.stick":48,"stat.useItem.minecraft.stone_slab":204,"stat.useItem.minecraft.ice":2,"stat.craftItem.minecraft.planks":548,"stat.mineBlock.minecraft.crafting_table":1,"stat.useItem.minecraft.diamond_pickaxe":1385,"stat.useItem.minecraft.hopper":1,"stat.mobKills":1,"stat.mineBlock.minecraft.log":54,"stat.mineBlock.minecraft.soul_sand":1,"stat.useItem.minecraft.bucket":2,"stat.drop":2,"stat.mineBlock.minecraft.leaves":48,"stat.playOneMinute":123794,"stat.sneakTime":17494,"stat.pickup.minecraft.stone_slab":29,"stat.mineBlock.minecraft.stone":1135,"stat.diveOneCm":104,"stat.pickup.minecraft.chest":1}