{"stat.chestOpened":10,"stat.walkOneCm":9116,"stat.useItem.minecraft.sapling":3,"stat.pickup.minecraft.wooden_slab":1,"stat.craftItem.minecraft.planks":28,"stat.leaveGame":1,"stat.useItem.minecraft.log":1,"stat.craftItem.minecraft.crafting_table":1,"stat.mineBlock.minecraft.wooden_slab":1,"stat.mineBlock.minecraft.log":23,"stat.pickup.minecraft.log":23,"stat.flyOneCm":2132,"stat.jump":27,"stat.mineBlock.minecraft.leaves":1,"stat.playOneMinute":7971,"stat.craftItem.minecraft.wooden_slab":36,"stat.sneakTime":2363,"stat.crouchOneCm":5092,"stat.timeSinceDeath":7971,"stat.pickup.minecraft.sapling":6,"stat.useItem.minecraft.wooden_axe":9,"stat.sprintOneCm":2774,"stat.useItem.minecraft.crafting_table":1,"stat.useItem.minecraft.wooden_slab":26,"stat.craftItem.minecraft.stick":4,"stat.craftItem.minecraft.wooden_axe":1,"stat.craftingTableInteraction":3}