{"stat.chestOpened":4,"stat.pickup.minecraft.log":1,"stat.flyOneCm":670,"stat.pickup.minecraft.sand":1,"stat.walkOneCm":4658,"stat.jump":7,"stat.mineBlock.minecraft.sand":1,"stat.useItem.minecraft.sand":1,"stat.playOneMinute":4402,"stat.useItem.minecraft.planks":1,"stat.craftItem.minecraft.planks":4,"stat.leaveGame":2,"stat.pickup.minecraft.cactus":4,"stat.sneakTime":7,"stat.damageTaken":60,"stat.enderchestOpened":1,"stat.timeSinceDeath":4402,"stat.pickup.minecraft.dirt":2,"stat.useItem.minecraft.dirt":2,"stat.sprintOneCm":8504,"stat.mineBlock.minecraft.dirt":2,"stat.mineBlock.minecraft.log":1,"stat.useItem.minecraft.cactus":1}