{"stat.chestOpened":26,"stat.walkOneCm":63371,"stat.useItem.minecraft.chest":1,"stat.leaveGame":1,"stat.useItem.minecraft.log":1,"stat.mineBlock.minecraft.cobblestone":36,"stat.pickup.minecraft.crafting_table":2,"stat.useItem.minecraft.cobblestone":13,"stat.mineBlock.minecraft.ice":1,"stat.craftItem.minecraft.crafting_table":1,"stat.furnaceInteraction":1,"stat.useItem.minecraft.lava_bucket":1,"stat.pickup.minecraft.log":37,"stat.jump":75,"stat.useItem.minecraft.planks":45,"stat.pickup.minecraft.beef":1,"stat.pickup.minecraft.furnace":2,"stat.useItem.minecraft.stone_axe":37,"stat.crouchOneCm":3485,"stat.mineBlock.minecraft.chest":1,"stat.pickup.minecraft.sapling":13,"stat.pickup.minecraft.dirt":11,"stat.sprintOneCm":6964,"stat.craftItem.minecraft.stick":8,"stat.craftingTableInteraction":8,"stat.craftItem.minecraft.furnace":1,"stat.useItem.minecraft.ice":2,"stat.useItem.minecraft.sapling":10,"stat.craftItem.minecraft.planks":80,"stat.craftItem.minecraft.stone_axe":1,"stat.mineBlock.minecraft.crafting_table":2,"stat.pickup.minecraft.leather":1,"stat.damageTaken":240,"stat.craftItem.minecraft.stone_pickaxe":1,"stat.mineBlock.minecraft.furnace":2,"stat.useItem.minecraft.wooden_pickaxe":38,"stat.useItem.minecraft.furnace":3,"stat.pickup.minecraft.cobblestone":27,"stat.mineBlock.minecraft.sapling":1,"stat.mineBlock.minecraft.log":37,"stat.useItem.minecraft.bucket":1,"stat.pickup.minecraft.planks":8,"stat.flyOneCm":1204,"stat.mineBlock.minecraft.planks":5,"stat.deaths":1,"stat.mineBlock.minecraft.leaves":24,"stat.playOneMinute":23244,"stat.sneakTime":1293,"stat.timeSinceDeath":273,"stat.mineBlock.minecraft.dirt":15,"stat.useItem.minecraft.crafting_table":3,"stat.craftItem.minecraft.wooden_pickaxe":1,"stat.pickup.minecraft.chest":1}