{"stat.chestOpened":2,"stat.walkOneCm":18790,"stat.leaveGame":3,"stat.craftItem.minecraft.crafting_table":1,"stat.pickup.minecraft.log":5,"stat.jump":186,"stat.swimOneCm":3535,"stat.useItem.minecraft.sand":2,"stat.useItem.minecraft.planks":3,"stat.crouchOneCm":3634,"stat.enderchestOpened":2,"stat.pickup.minecraft.sapling":4,"stat.pickup.minecraft.dirt":8,"stat.useItem.minecraft.dirt":6,"stat.sprintOneCm":9709,"stat.pickup.minecraft.apple":1,"stat.craftItem.minecraft.stick":4,"stat.craftItem.minecraft.wooden_axe":1,"stat.craftingTableInteraction":1,"stat.pickup.minecraft.sand":3,"stat.craftItem.minecraft.planks":20,"stat.damageTaken":808,"stat.pickup.minecraft.cobblestone":2,"stat.mineBlock.minecraft.log":6,"stat.pickup.minecraft.planks":1,"stat.flyOneCm":11134,"stat.deaths":2,"stat.mineBlock.minecraft.sand":4,"stat.playOneMinute":17452,"stat.sneakTime":1687,"stat.damageDealt":10,"stat.timeSinceDeath":3624,"stat.mineBlock.minecraft.dirt":10,"stat.useItem.minecraft.crafting_table":1,"stat.diveOneCm":6007}