{"stat.chestOpened":4,"stat.walkOneCm":2822,"stat.useItem.minecraft.ice":1,"stat.craftItem.minecraft.sign":3,"stat.craftItem.minecraft.planks":20,"stat.leaveGame":1,"stat.mineBlock.minecraft.ice":1,"stat.craftItem.minecraft.crafting_table":1,"stat.useItem.minecraft.lava_bucket":2,"stat.mineBlock.minecraft.log":5,"stat.useItem.minecraft.bucket":5,"stat.pickup.minecraft.log":5,"stat.flyOneCm":55,"stat.pickup.minecraft.wheat_seeds":1,"stat.jump":5,"stat.swimOneCm":695,"stat.playOneMinute":2575,"stat.sneakTime":247,"stat.crouchOneCm":1013,"stat.timeSinceDeath":2575,"stat.pickup.minecraft.sapling":4,"stat.pickup.minecraft.dirt":5,"stat.useItem.minecraft.dirt":1,"stat.sprintOneCm":534,"stat.mineBlock.minecraft.dirt":9,"stat.useItem.minecraft.crafting_table":1,"stat.useItem.minecraft.sign":1,"stat.craftItem.minecraft.wooden_pickaxe":1,"stat.mineBlock.minecraft.tallgrass":4,"stat.craftItem.minecraft.stick":8,"stat.useItem.minecraft.water_bucket":3,"stat.craftingTableInteraction":1}