{"stat.chestOpened":4,"stat.flyOneCm":251,"stat.walkOneCm":9153,"stat.pickup.minecraft.wheat_seeds":18,"stat.jump":14,"stat.playOneMinute":6761,"stat.pickup.minecraft.red_flower":1,"stat.leaveGame":1,"stat.sneakTime":798,"stat.damageDealt":10,"stat.crouchOneCm":2675,"stat.enderchestOpened":1,"stat.timeSinceDeath":6761,"stat.pickup.minecraft.dirt":14,"stat.useItem.minecraft.dirt":14,"stat.sprintOneCm":731,"stat.mineBlock.minecraft.dirt":14,"stat.mineBlock.minecraft.tallgrass":2,"stat.pickup.minecraft.wheat":6}