{"stat.chestOpened":11,"stat.drop.minecraft.nether_wart":64,"stat.walkOneCm":53244,"stat.craftItem.minecraft.sign":15,"stat.craftItem.minecraft.planks":1024,"stat.pickup.minecraft.wooden_axe":1,"stat.pickup.minecraft.diamond_pickaxe":1,"stat.leaveGame":1,"stat.pickup.minecraft.nether_wart":64,"stat.damageTaken":26,"stat.useItem.minecraft.diamond_axe":11,"stat.useItem.minecraft.diamond_pickaxe":1,"stat.pickup.minecraft.bucket":1,"stat.mineBlock.minecraft.obsidian":1,"stat.useItem.minecraft.bucket":4,"stat.pickup.minecraft.planks":43,"stat.pickup.minecraft.reeds":26,"stat.pickup.minecraft.log":128,"stat.flyOneCm":35401,"stat.mineBlock.minecraft.planks":60,"stat.drop":4,"stat.jump":156,"stat.swimOneCm":1044,"stat.playOneMinute":29881,"stat.useItem.minecraft.planks":940,"stat.pickup.minecraft.diamond_axe":1,"stat.pickup.minecraft.cactus":89,"stat.sneakTime":9676,"stat.drop.minecraft.planks":8,"stat.drop.minecraft.bucket":1,"stat.crouchOneCm":36285,"stat.enderchestOpened":2,"stat.timeSinceDeath":29881,"stat.useItem.minecraft.wooden_axe":40,"stat.sprintOneCm":50585,"stat.useItem.minecraft.sign":11,"stat.drop.minecraft.wooden_axe":1,"stat.craftItem.minecraft.stick":8,"stat.craftItem.minecraft.wooden_axe":1,"stat.useItem.minecraft.water_bucket":4,"stat.craftingTableInteraction":2}