{"stat.chestOpened":66,"stat.drop.minecraft.stone_pickaxe":1,"stat.pickup.minecraft.tripwire_hook":1,"stat.drop.minecraft.nether_wart":166,"stat.pickup.minecraft.bone":3,"stat.pickup.minecraft.wooden_slab":4,"stat.craftItem.minecraft.sign":3,"stat.pickup.minecraft.sign":1,"stat.leaveGame":1,"stat.drop.minecraft.packed_ice":64,"stat.drop.minecraft.cooked_beef":128,"stat.mineBlock.minecraft.cobblestone":85,"stat.pickup.minecraft.stone_pickaxe":1,"stat.useItem.minecraft.diamond_axe":327,"stat.killEntity.Blaze":24,"stat.useItem.minecraft.packed_ice":245,"stat.pickup.minecraft.fishing_rod":1,"stat.jump":1365,"stat.swimOneCm":38377,"stat.useItem.minecraft.experience_bottle":166,"stat.useItem.minecraft.planks":25,"stat.pickup.minecraft.enchanted_book":2,"stat.drop.minecraft.cobblestone":6,"stat.useItem.minecraft.trapped_chest":2,"stat.crouchOneCm":11139,"stat.enderchestOpened":12,"stat.craftItem.minecraft.chest":15,"stat.pickup.minecraft.experience_bottle":166,"stat.craftItem.minecraft.hopper":4,"stat.useItem.minecraft.water_bucket":2,"stat.craftingTableInteraction":14,"stat.pickup.minecraft.sand":1,"stat.pickup.minecraft.cobblestone":652,"stat.mineBlock.minecraft.wooden_slab":6,"stat.pickup.minecraft.planks":227,"stat.pickup.minecraft.reeds":26,"stat.flyOneCm":676830,"stat.pickup.minecraft.soul_sand":64,"stat.pickup.minecraft.fish":86,"stat.drop.minecraft.soul_sand":192,"stat.craftItem.minecraft.wooden_slab":6,"stat.pickup.minecraft.cactus":30591,"stat.damageDealt":4468,"stat.timeSinceDeath":125986,"stat.hopperInspected":20,"stat.drop.minecraft.log":128,"stat.useItem.minecraft.sign":2,"stat.pickup.minecraft.packed_ice":64,"stat.useItem.minecraft.wooden_slab":11,"stat.walkOneCm":175489,"stat.trappedChestTriggered":40,"stat.useItem.minecraft.chest":9,"stat.pickup.minecraft.diamond_pickaxe":1,"stat.pickup.minecraft.nether_wart":105,"stat.useItem.minecraft.nether_wart":67,"stat.furnaceInteraction":3,"stat.drop.minecraft.diamond_axe":1,"stat.drop.minecraft.cactus":66,"stat.drop.minecraft.planks":7,"stat.mineBlock.minecraft.packed_ice":9,"stat.sprintOneCm":196280,"stat.pickup.minecraft.cooked_beef":64,"stat.craftItem.minecraft.stick":4,"stat.craftItem.minecraft.planks":256,"stat.pickup.minecraft.potion":1,"stat.useItem.minecraft.diamond_pickaxe":747,"stat.useItem.minecraft.hopper":3,"stat.pickup.minecraft.saddle":1,"stat.mobKills":24,"stat.mineBlock.minecraft.planks":267,"stat.pickup.minecraft.water_bucket":2,"stat.drop":21,"stat.playOneMinute":125986,"stat.pickup.minecraft.blaze_rod":11,"stat.sneakTime":5580,"stat.craftItem.minecraft.tripwire_hook":2,"stat.mineBlock.minecraft.stone":653,"stat.craftItem.minecraft.trapped_chest":2,"stat.drop.minecraft.diamond_pickaxe":3,"stat.diveOneCm":3912}