{"stat.chestOpened":4,"stat.walkOneCm":9286,"stat.useItem.minecraft.ice":2,"stat.craftItem.minecraft.planks":12,"stat.leaveGame":2,"stat.mineBlock.minecraft.cobblestone":6,"stat.mineBlock.minecraft.ice":2,"stat.useItem.minecraft.cobblestone":1,"stat.craftItem.minecraft.crafting_table":1,"stat.useItem.minecraft.wooden_pickaxe":7,"stat.useItem.minecraft.lava_bucket":3,"stat.pickup.minecraft.cobblestone":2,"stat.mineBlock.minecraft.log":3,"stat.useItem.minecraft.bucket":5,"stat.pickup.minecraft.log":3,"stat.flyOneCm":8062,"stat.jump":35,"stat.swimOneCm":103,"stat.playOneMinute":6520,"stat.sneakTime":272,"stat.crouchOneCm":626,"stat.enderchestOpened":1,"stat.timeSinceDeath":6520,"stat.pickup.minecraft.dirt":11,"stat.useItem.minecraft.dirt":7,"stat.sprintOneCm":5899,"stat.mineBlock.minecraft.dirt":12,"stat.useItem.minecraft.crafting_table":1,"stat.craftItem.minecraft.wooden_pickaxe":1,"stat.useItem.minecraft.water_bucket":3,"stat.craftItem.minecraft.stick":4,"stat.craftingTableInteraction":2}