{"stat.chestOpened":6,"stat.pickup.minecraft.sand":4,"stat.walkOneCm":2978,"stat.mineBlock.minecraft.sand":4,"stat.useItem.minecraft.sand":1,"stat.mineBlock.minecraft.leaves":3,"stat.mineBlock.minecraft.cactus":1,"stat.playOneMinute":2919,"stat.pickup.minecraft.cactus":4,"stat.leaveGame":1,"stat.sneakTime":218,"stat.crouchOneCm":371,"stat.enderchestOpened":1,"stat.timeSinceDeath":2919,"stat.pickup.minecraft.dirt":4,"stat.useItem.minecraft.dirt":4,"stat.sprintOneCm":15970,"stat.mineBlock.minecraft.dirt":4,"stat.useItem.minecraft.cactus":1}