{"stat.chestOpened":23,"stat.walkOneCm":44495,"stat.useItem.minecraft.torch":2,"stat.useItem.minecraft.chest":7,"stat.pickup.minecraft.wooden_slab":2,"stat.craftItem.minecraft.planks":512,"stat.leaveGame":1,"stat.pickup.minecraft.nether_wart":378,"stat.craftItem.minecraft.crafting_table":1,"stat.useItem.minecraft.nether_wart":255,"stat.useItem.minecraft.soul_sand":128,"stat.mineBlock.minecraft.wooden_slab":2,"stat.mineBlock.minecraft.soul_sand":2,"stat.mineBlock.minecraft.log":6,"stat.pickup.minecraft.planks":57,"stat.pickup.minecraft.log":6,"stat.flyOneCm":3268,"stat.pickup.minecraft.soul_sand":2,"stat.drop":1,"stat.jump":82,"stat.playOneMinute":20172,"stat.craftItem.minecraft.wooden_slab":120,"stat.craftItem.minecraft.wooden_hoe":1,"stat.sneakTime":6210,"stat.damageDealt":10,"stat.drop.minecraft.planks":57,"stat.crouchOneCm":20291,"stat.timeSinceDeath":20172,"stat.craftItem.minecraft.chest":7,"stat.useItem.minecraft.wooden_axe":6,"stat.pickup.minecraft.sapling":2,"stat.useItem.minecraft.crafting_table":1,"stat.sprintOneCm":7768,"stat.useItem.minecraft.wooden_slab":47,"stat.craftItem.minecraft.stick":4,"stat.craftItem.minecraft.wooden_axe":1,"stat.craftingTableInteraction":4}