{"stat.chestOpened":8,"stat.flyOneCm":20013,"stat.pickup.minecraft.soul_sand":1,"stat.drop.minecraft.nether_wart":3,"stat.walkOneCm":85752,"stat.drop":3,"stat.jump":226,"stat.pickup.minecraft.egg":1,"stat.playOneMinute":39737,"stat.fallOneCm":418,"stat.useItem.minecraft.egg":1,"stat.leaveGame":5,"stat.pickup.minecraft.nether_wart":494,"stat.useItem.minecraft.nether_wart":244,"stat.enderchestOpened":1,"stat.timeSinceDeath":39737,"stat.useItem.minecraft.soul_sand":65,"stat.sprintOneCm":74446,"stat.mineBlock.minecraft.soul_sand":1}