{"stat.chestOpened":29,"stat.walkOneCm":67678,"stat.pickup.minecraft.wooden_slab":10,"stat.craftItem.minecraft.ladder":27,"stat.mineBlock.minecraft.ice":2,"stat.craftItem.minecraft.crafting_table":1,"stat.useItem.minecraft.soul_sand":1,"stat.useItem.minecraft.lava_bucket":2,"stat.pickup.minecraft.log":6,"stat.useItem.minecraft.sand":23,"stat.swimOneCm":10479,"stat.jump":240,"stat.useItem.minecraft.planks":406,"stat.climbOneCm":5213,"stat.crouchOneCm":33513,"stat.enderchestOpened":1,"stat.pickup.minecraft.dirt":7,"stat.useItem.minecraft.dirt":7,"stat.sprintOneCm":56904,"stat.useItem.minecraft.cactus":17,"stat.craftItem.minecraft.stick":116,"stat.craftItem.minecraft.wooden_axe":1,"stat.useItem.minecraft.water_bucket":8,"stat.craftingTableInteraction":3,"stat.pickup.minecraft.sand":3,"stat.useItem.minecraft.ice":2,"stat.mineBlock.minecraft.cactus":1,"stat.craftItem.minecraft.planks":536,"stat.useItem.minecraft.reeds":11,"stat.mineBlock.minecraft.wooden_slab":13,"stat.mineBlock.minecraft.log":6,"stat.mineBlock.minecraft.soul_sand":1,"stat.useItem.minecraft.bucket":10,"stat.pickup.minecraft.planks":1,"stat.pickup.minecraft.reeds":569,"stat.flyOneCm":19345,"stat.pickup.minecraft.soul_sand":1,"stat.mineBlock.minecraft.planks":1,"stat.mineBlock.minecraft.sand":3,"stat.playOneMinute":33654,"stat.craftItem.minecraft.wooden_slab":132,"stat.pickup.minecraft.cactus":1719,"stat.useItem.minecraft.ladder":7,"stat.sneakTime":8392,"stat.timeSinceDeath":33654,"stat.useItem.minecraft.wooden_axe":6,"stat.useItem.minecraft.crafting_table":1,"stat.mineBlock.minecraft.dirt":7,"stat.useItem.minecraft.wooden_slab":38,"stat.diveOneCm":1944}