{"stat.chestOpened":9,"stat.walkOneCm":23250,"stat.useItem.minecraft.chest":1,"stat.leaveGame":2,"stat.mineBlock.minecraft.cobblestone":62,"stat.mineBlock.minecraft.ice":1,"stat.useItem.minecraft.cobblestone":10,"stat.craftItem.minecraft.crafting_table":1,"stat.useItem.minecraft.soul_sand":1,"stat.useItem.minecraft.lava_bucket":4,"stat.pickup.minecraft.log":1,"stat.jump":65,"stat.swimOneCm":1613,"stat.useItem.minecraft.planks":18,"stat.crouchOneCm":11063,"stat.enderchestOpened":5,"stat.mineBlock.minecraft.chest":1,"stat.useItem.minecraft.dirt":11,"stat.pickup.minecraft.dirt":15,"stat.sprintOneCm":1308,"stat.useItem.minecraft.water_bucket":15,"stat.craftItem.minecraft.stick":4,"stat.craftingTableInteraction":3,"stat.pickup.minecraft.sand":1,"stat.useItem.minecraft.ice":2,"stat.craftItem.minecraft.planks":256,"stat.craftItem.minecraft.stone_pickaxe":1,"stat.useItem.minecraft.wooden_pickaxe":5,"stat.pickup.minecraft.cobblestone":36,"stat.useItem.minecraft.bucket":18,"stat.pickup.minecraft.planks":2,"stat.flyOneCm":2269,"stat.mineBlock.minecraft.planks":4,"stat.mineBlock.minecraft.sand":1,"stat.playOneMinute":21785,"stat.useItem.minecraft.stone_pickaxe":57,"stat.sneakTime":6519,"stat.damageDealt":30,"stat.timeSinceDeath":21785,"stat.mineBlock.minecraft.dirt":24,"stat.craftItem.minecraft.wooden_pickaxe":1,"stat.diveOneCm":2527,"stat.pickup.minecraft.chest":1}