{"stat.flyOneCm":1197,"stat.deaths":1,"stat.walkOneCm":10441,"stat.jump":7,"stat.playOneMinute":5436,"stat.craftItem.minecraft.planks":132,"stat.useItem.minecraft.stone_pickaxe":14,"stat.leaveGame":1,"stat.damageTaken":280,"stat.craftItem.minecraft.crafting_table":1,"stat.craftItem.minecraft.stone_pickaxe":1,"stat.timeSinceDeath":4606,"stat.useItem.minecraft.wooden_pickaxe":11,"stat.sprintOneCm":13041,"stat.useItem.minecraft.crafting_table":1,"stat.pickup.minecraft.cobblestone":24,"stat.craftItem.minecraft.wooden_pickaxe":1,"stat.mineBlock.minecraft.stone":25,"stat.craftItem.minecraft.stick":4,"stat.craftingTableInteraction":3}